date,FEDFUNDS,UNRATE,ALTSALES YoY Change,CUSR0000SETA01 YoY Change,DSPIC96 YoY Change,CPIAUCSL YoY Change,GSCPI YoY Change,CUSR0000SETA02 YoY Change,Relative Price YoY Change
2000-01-01,5.45,4.0,0.11824000000000012,-0.007699999999999818,0.03697999999999979,0.02754000000000012,-0.32999999999999996,0.021669999999999412,-0.03523999999999994
2000-02-01,5.73,4.1,0.13070000000000004,-0.005609999999999893,0.03746000000000116,0.03167000000000009,-0.42,0.03119999999999923,-0.03727999999999998
2000-03-01,5.85,4.0,0.08729999999999993,-0.0007099999999997664,0.03927999999999976,0.03692999999999991,-0.010000000000000009,0.0372899999999996,-0.037639999999999674
2000-04-01,6.02,3.8,0.06025999999999998,0.0013899999999997803,0.047579999999999956,0.02968999999999955,0.33999999999999997,0.03770999999999969,-0.02829999999999977
2000-05-01,6.27,4.0,0.023630000000000262,0.00279000000000007,0.04997000000000007,0.030840000000000423,0.63,0.03803000000000001,-0.028050000000000352
2000-06-01,6.53,4.0,0.014089999999999936,0.00279000000000007,0.04939000000000071,0.03666999999999998,0.41,0.03131000000000039,-0.03387999999999991
2000-07-01,6.54,4.0,-0.018810000000000215,0.0041999999999999815,0.05287000000000042,0.035359999999999836,0.6,0.019509999999999472,-0.031159999999999854
2000-08-01,6.5,4.1,-0.0018199999999999328,0.0034999999999998366,0.05486999999999931,0.03296999999999972,0.53,0.009059999999999846,-0.029469999999999885
2000-09-01,6.52,3.9,0.06388000000000016,-0.0007099999999997664,0.057360000000000966,0.03397999999999968,0.43,0.003210000000000157,-0.034689999999999444
2000-10-01,6.51,3.9,-0.0012900000000000134,-0.005609999999999893,0.05477999999999916,0.03392000000000017,-0.4,0.009540000000000326,-0.039530000000000065
2000-11-01,6.51,3.9,-0.04878999999999989,-0.003510000000000346,0.048749999999998295,0.03385999999999978,-0.57,0.020289999999999253,-0.037370000000000125
2000-12-01,6.4,3.9,-0.11684000000000028,0.0,0.04306000000000054,0.033789999999999765,-0.71,0.03298999999999985,-0.033789999999999765
2001-01-01,5.98,4.2,-0.048820000000000086,0.000700000000000145,0.04115999999999964,0.03654000000000046,-0.30000000000000004,0.04137000000000057,-0.035840000000000316
2001-02-01,5.49,4.2,-0.07969000000000026,0.0014099999999999113,0.038429999999999964,0.03468000000000071,-0.36000000000000004,0.04723000000000077,-0.0332700000000008
2001-03-01,5.31,4.3,-0.055010000000000225,-0.00280000000000058,0.03880999999999979,0.02939000000000025,-0.2899999999999999,0.04411000000000076,-0.03219000000000083
2001-04-01,4.8,4.4,-0.05364000000000013,-0.0049000000000001265,0.03171000000000035,0.03167000000000009,-1.1099999999999999,0.03634999999999966,-0.03657000000000021
2001-05-01,4.21,4.3,-0.05677000000000021,-0.007010000000000183,0.02579999999999849,0.035009999999999764,-1.3800000000000001,0.02353000000000005,-0.042019999999999946
2001-06-01,3.97,4.5,0.0015199999999997438,-0.007710000000000328,0.023350000000000648,0.0314400000000008,-0.7300000000000001,0.020349999999999646,-0.03915000000000113
2001-07-01,3.77,4.6,-0.044159999999999755,-0.008410000000000473,0.03282000000000096,0.026850000000000485,-0.8,0.019130000000000535,-0.03526000000000096
2001-08-01,3.65,4.9,-0.06490000000000018,-0.011230000000000295,0.043110000000000426,0.026850000000000485,-0.85,0.017889999999999517,-0.03808000000000078
2001-09-01,3.07,5.0,-0.1278100000000002,-0.009149999999999991,0.033319999999999794,0.025599999999999845,-0.7100000000000001,0.007010000000000183,-0.03474999999999984
2001-10-01,2.49,5.3,0.23765999999999998,-0.0042200000000001125,0.012600000000000833,0.02104999999999979,-0.6799999999999999,-0.0006300000000001305,-0.025269999999999904
2001-11-01,2.09,5.5,0.0863299999999998,-0.0007099999999997664,0.01334000000000124,0.018769999999999953,-0.6799999999999999,-0.011999999999999567,-0.01947999999999972
2001-12-01,1.82,5.7,0.019760000000000222,-0.000700000000000145,0.013149999999999551,0.015910000000000757,-0.22999999999999987,-0.018899999999999473,-0.016610000000000902
2002-01-01,1.73,5.7,-0.06162000000000001,-0.007039999999999935,0.02923999999999971,0.011890000000000178,0.020000000000000018,-0.030380000000000074,-0.018930000000000113
2002-02-01,1.74,5.7,-0.024849999999999817,-0.015570000000000306,0.02970999999999968,0.011299999999999422,0.32,-0.04137000000000057,-0.026869999999999727
2002-03-01,1.73,5.7,-0.004759999999999653,-0.015579999999999927,0.027380000000000848,0.013539999999999885,0.14999999999999997,-0.05001000000000033,-0.029119999999999813
2002-04-01,1.75,5.9,0.04795000000000016,-0.016300000000000203,0.03279000000000032,0.016309999999999825,0.41000000000000003,-0.05073999999999934,-0.03261000000000003
2002-05-01,1.75,5.8,-0.040750000000000064,-0.01701999999999959,0.03858000000000139,0.012340000000000018,0.8,-0.046969999999999956,-0.02935999999999961
2002-06-01,1.75,5.8,-0.028339999999999588,-0.01774999999999949,0.04122999999999877,0.010629999999999917,0.07000000000000006,-0.043079999999999785,-0.028379999999999406
2002-07-01,1.73,5.8,0.10057999999999989,-0.01774999999999949,0.023849999999999483,0.01454999999999984,-0.1299999999999999,-0.0360100000000001,-0.03229999999999933
2002-08-01,1.74,5.7,0.12259999999999982,-0.015659999999999563,0.007550000000000168,0.01731999999999978,-0.31000000000000005,-0.02954999999999952,-0.03297999999999934
2002-09-01,1.75,5.7,0.016680000000000028,-0.010660000000000558,0.01713999999999949,0.01504000000000083,-0.4600000000000001,-0.03295000000000048,-0.02570000000000139
2002-10-01,1.75,5.7,-0.30996999999999986,-0.011370000000000324,0.03765999999999892,0.020070000000000476,-0.030000000000000027,-0.04603999999999964,-0.0314400000000008
2002-11-01,1.34,5.9,-0.09027999999999992,-0.01487000000000016,0.039220000000000255,0.02229000000000081,0.6699999999999999,-0.05618999999999996,-0.03716000000000097
2002-12-01,1.24,6.0,0.08577000000000012,-0.019129999999999647,0.04007000000000005,0.024499999999999744,0.45999999999999985,-0.05693999999999999,-0.04362999999999939
2003-01-01,1.24,5.8,0.012620000000000076,-0.021430000000000504,0.018440000000000012,0.02719999999999967,0.27,-0.048049999999999926,-0.04863000000000017
2003-02-01,1.26,5.9,-0.07261000000000006,-0.01436999999999955,0.013429999999999609,0.03098000000000045,0.15000000000000002,-0.03638999999999992,-0.04535
2003-03-01,1.25,5.9,-0.03732000000000024,-0.01004999999999967,0.014829999999999899,0.029799999999999827,0.09999999999999998,-0.02395999999999976,-0.0398499999999995
2003-04-01,1.26,6.0,-0.05390000000000006,-0.01220999999999961,0.016739999999998645,0.02152000000000065,0.029999999999999916,-0.022650000000000503,-0.03373000000000026
2003-05-01,1.26,6.1,0.01924999999999999,-0.01223000000000063,0.02009999999999934,0.018760000000000332,0.10999999999999999,-0.026019999999999932,-0.03099000000000096
2003-06-01,1.22,6.3,0.0035999999999996035,-0.012980000000000658,0.019750000000000156,0.01929999999999943,0.5,-0.03204999999999991,-0.032280000000000086
2003-07-01,1.01,6.2,-0.060820000000000096,-0.014430000000000831,0.034250000000000114,0.020340000000000025,0.95,-0.046929999999999694,-0.034770000000000856
2003-08-01,1.03,6.1,-0.00965999999999978,-0.010100000000000442,0.040919999999999845,0.021919999999999717,1.01,-0.06810999999999989,-0.03202000000000016
2003-09-01,1.01,6.1,0.037209999999999965,-0.01658000000000026,0.02848000000000006,0.02350999999999992,1.1900000000000002,-0.09072999999999976,-0.04009000000000018
2003-10-01,1.01,6.0,0.013729999999999798,-0.020929999999999893,0.029620000000001312,0.020220000000000127,0.96,-0.10927000000000042,-0.04115000000000002
2003-11-01,1.0,5.8,0.06003000000000025,-0.02092000000000027,0.032890000000000086,0.019099999999999895,0.33999999999999997,-0.11980000000000057,-0.04002000000000017
2003-12-01,0.98,5.7,-0.034760000000000346,-0.01877000000000084,0.03098000000000134,0.020139999999999603,0.32000000000000006,-0.12537999999999982,-0.038910000000000444
2004-01-01,1.0,5.7,-0.007460000000000022,-0.012349999999999639,0.0313200000000009,0.020059999999999967,0.13,-0.11795000000000044,-0.032409999999999606
2004-02-01,1.01,5.6,0.05054999999999987,-0.006529999999999703,0.03650999999999982,0.016739999999999533,-0.07,-0.11861999999999995,-0.023269999999999236
2004-03-01,1.0,5.8,0.040240000000000276,-0.010139999999999816,0.038429999999999964,0.017249999999999766,0.32,-0.11929000000000034,-0.02738999999999958
2004-04-01,1.0,5.6,0.003649999999999931,-0.0072599999999996,0.03658000000000072,0.022669999999999746,0.96,-0.12014000000000014,-0.029929999999999346
2004-05-01,1.0,5.6,0.0948500000000001,-0.0043600000000001415,0.03420000000000023,0.028570000000000206,0.56,-0.11525000000000052,-0.03293000000000035
2004-06-01,1.03,5.6,-0.05702999999999969,-0.0007199999999993878,0.03218000000000032,0.031190000000000495,0.53,-0.12638999999999978,-0.03190999999999988
2004-07-01,1.26,5.5,0.005530000000000257,-0.005829999999999558,0.02243999999999957,0.028979999999999784,-0.45,-0.1071200000000001,-0.03480999999999934
2004-08-01,1.43,5.4,-0.07010000000000005,-0.015329999999999622,0.01861000000000068,0.025150000000000006,0.14,-0.08214000000000077,-0.04047999999999963
2004-09-01,1.61,5.4,0.028340000000000032,-0.011699999999999378,0.03049999999999997,0.02506999999999948,-0.08,-0.025500000000000078,-0.03676999999999886
2004-10-01,1.76,5.5,0.055010000000000225,-0.005119999999999791,0.026969999999998606,0.03140999999999927,-0.33999999999999997,0.01177000000000028,-0.03652999999999906
2004-11-01,1.93,5.4,-0.016710000000000225,0.002909999999999968,0.017739999999999867,0.03556999999999988,0.34,0.04228000000000076,-0.03265999999999991
2004-12-01,2.16,5.4,0.03669000000000011,0.006540000000000212,0.052989999999999426,0.032880000000000464,0.47,0.05494999999999983,-0.026340000000000252
2005-01-01,2.28,5.3,0.004040000000000266,0.012349999999999639,0.0157399999999992,0.028050000000000352,0.38,0.05030000000000001,-0.015700000000000713
2005-02-01,2.5,5.4,-0.013989999999999725,0.00941999999999954,0.014170000000000016,0.030079999999999885,0.25,0.04886000000000035,-0.020660000000000345
2005-03-01,2.63,5.2,0.005509999999999682,0.0072599999999996,0.013689999999998648,0.03157000000000032,-0.27,0.04814000000000007,-0.02431000000000072
2005-04-01,2.79,5.2,0.04626000000000019,0.0072599999999996,0.01343999999999923,0.03305999999999987,-1.73,0.050380000000000535,-0.025800000000000267
2005-05-01,3.0,5.1,-0.04791999999999996,0.00869000000000053,0.012750000000000483,0.02827999999999964,-1.35,0.051739999999999675,-0.019589999999999108
2005-06-01,3.04,5.0,0.13099999999999978,0.006509999999999572,0.014139999999999375,0.025089999999999613,-1.35,0.06986999999999988,-0.01858000000000004
2005-07-01,3.26,5.0,0.20008999999999988,0.003650000000000375,0.012959999999999638,0.030210000000000292,-0.44,0.06649999999999956,-0.026559999999999917
2005-08-01,3.5,4.9,0.011890000000000178,0.004399999999999515,0.011519999999999087,0.035820000000000185,-0.58,0.05956000000000028,-0.03142000000000067
2005-09-01,3.62,5.0,-0.05937999999999999,0.008059999999999512,0.007559999999999789,0.046330000000000204,0.09,0.03481000000000023,-0.03827000000000069
2005-10-01,3.78,5.0,-0.13870000000000005,0.009490000000000443,0.01287000000000127,0.04258000000000006,0.53,0.025279999999999525,-0.03308999999999962
2005-11-01,4.0,5.0,-0.054059999999999775,0.0007300000000007856,0.022330000000000183,0.0328400000000002,-0.5700000000000001,0.01869999999999994,-0.03210999999999942
2005-12-01,4.16,4.9,-0.05473999999999979,-0.0043600000000001415,-0.010669999999999291,0.0328400000000002,-0.7999999999999999,0.012919999999999376,-0.037200000000000344
2006-01-01,4.29,4.7,0.0708599999999997,-0.0036199999999997345,0.03719000000000072,0.03939999999999966,-0.25,0.012190000000000367,-0.04301999999999939
2006-02-01,4.49,4.8,0.006809999999999761,-0.003610000000000113,0.04133000000000031,0.03573000000000004,-0.6,0.014349999999999419,-0.03934000000000015
2006-03-01,4.59,4.7,-0.031260000000000066,-0.0029000000000003467,0.04161000000000037,0.03361000000000036,-0.10999999999999999,0.01790999999999965,-0.03651000000000071
2006-04-01,4.79,4.7,-0.04173000000000027,-0.0029000000000003467,0.038200000000001566,0.035499999999999865,1.4200000000000002,0.018609999999999793,-0.03840000000000021
2006-05-01,4.94,4.6,-0.045809999999999906,-0.007229999999999848,0.03326999999999991,0.03901000000000021,1.09,0.016440000000000232,-0.04624000000000006
2006-06-01,4.99,4.6,-0.09418999999999977,-0.006509999999999572,0.03255000000000052,0.04097000000000062,1.1,0.012129999999999974,-0.04748000000000019
2006-07-01,5.24,4.7,-0.1850900000000002,0.003629999999999356,0.03110000000000035,0.0402199999999997,0.79,0.005700000000000038,-0.036590000000000344
2006-08-01,5.25,4.7,-0.06194000000000033,0.00802999999999976,0.028669999999999973,0.03852000000000011,0.5700000000000001,0.0021399999999998087,-0.03049000000000035
2006-09-01,5.25,4.5,-0.0004900000000001015,0.0036399999999998656,0.03754999999999953,0.019919999999999938,-0.71,-0.0028500000000004633,-0.016280000000000072
2006-10-01,5.25,4.4,0.09471000000000007,-0.0021800000000000708,0.03651999999999944,0.013959999999999972,-0.44,-0.008599999999999497,-0.016140000000000043
2006-11-01,5.25,4.5,0.006599999999999717,-0.008020000000000138,0.03433999999999848,0.01949999999999985,0.4,-0.014350000000000307,-0.02751999999999999
2006-12-01,5.24,4.4,-0.007160000000000277,-0.00802999999999976,0.03604999999999947,0.024929999999999453,0.22999999999999993,-0.021630000000000038,-0.03295999999999921
2007-01-01,5.25,4.6,-0.0689099999999998,-0.011389999999999567,0.02581999999999951,0.020550000000000068,-0.51,-0.02988000000000035,-0.031939999999999635
2007-02-01,5.26,4.5,0.01138000000000039,-0.013849999999999696,0.02474999999999916,0.023920000000000385,0.010000000000000009,-0.03527999999999931,-0.03777000000000008
2007-03-01,5.26,4.4,-0.024299999999999766,-0.01033999999999935,0.0241800000000012,0.027590000000000003,-0.20999999999999996,-0.040579999999999394,-0.03792999999999935
2007-04-01,5.25,4.5,-0.021529999999999827,-0.009629999999999583,0.025919999999999277,0.025600000000000733,-0.94,-0.04352,-0.03523000000000032
2007-05-01,5.25,4.4,0.007759999999999767,-0.010050000000000558,0.027160000000000295,0.0267299999999997,-0.52,-0.046769999999999534,-0.03678000000000026
2007-06-01,5.25,4.6,-0.032890000000000086,-0.01117000000000079,0.025320000000000675,0.02656999999999954,-0.54,-0.04668000000000028,-0.03774000000000033
2007-07-01,5.26,4.7,-0.09975999999999985,-0.011409999999999698,0.026839999999999975,0.02292000000000005,-0.33999999999999997,-0.043219999999999814,-0.03432999999999975
2007-08-01,5.02,4.6,0.008329999999999949,-0.008479999999999599,0.028050000000000352,0.018799999999999706,-0.17,-0.037339999999999485,-0.027279999999999305
2007-09-01,4.94,4.7,-0.013429999999999609,-0.011319999999999553,0.024240000000000705,0.027940000000000076,0.6,-0.028109999999999857,-0.03925999999999963
2007-10-01,4.76,4.7,-0.012020000000000142,-0.011490000000000222,0.018940000000000623,0.03547000000000011,-0.09999999999999998,-0.016630000000000145,-0.046960000000000335
2007-11-01,4.49,4.7,-0.005599999999999827,-0.0032700000000005502,0.014040000000001385,0.04279999999999973,-0.24999999999999997,-0.005379999999999718,-0.04607000000000028
2007-12-01,4.24,5.0,-0.05271999999999988,-0.0022099999999998232,0.01343999999999923,0.04025999999999996,0.32,0.0047600000000000975,-0.042469999999999786
2008-01-01,3.94,5.0,-0.06414000000000009,-0.003750000000000142,0.01497999999999955,0.0420499999999997,0.5,0.02012999999999998,-0.04579999999999984
2008-02-01,2.98,4.9,-0.0965900000000004,-0.005860000000000198,0.012080000000000979,0.040589999999999904,1.18,0.023939999999999628,-0.0464500000000001
2008-03-01,2.61,5.1,-0.07923999999999998,-0.011260000000000048,0.009169999999999234,0.03897999999999957,0.75,0.0244099999999996,-0.05023999999999962
2008-04-01,2.28,5.0,-0.12792000000000003,-0.013659999999999783,0.003980000000000317,0.038289999999999935,0.96,0.019540000000000113,-0.05194999999999972
2008-05-01,1.98,5.4,-0.1261899999999998,-0.012379999999999391,0.05141999999999847,0.04008000000000056,0.3,0.01283999999999974,-0.05245999999999995
2008-06-01,2.0,5.6,-0.11777000000000015,-0.011159999999999393,0.02646999999999977,0.048180000000000334,0.65,0.0033400000000005647,-0.059339999999999726
2008-07-01,2.01,5.8,-0.19799999999999995,-0.010440000000000005,0.010080000000000311,0.05351000000000017,1.44,-0.00774000000000008,-0.06395000000000017
2008-08-01,2.0,6.1,-0.1475799999999996,-0.016820000000000057,0.004109999999998948,0.05172000000000043,0.38,-0.020310000000000272,-0.06854000000000049
2008-09-01,1.81,6.1,-0.2443500000000003,-0.018959999999999866,0.004899999999999238,0.048350000000000115,-0.5,-0.036279999999999646,-0.06730999999999998
2008-10-01,0.97,6.5,-0.41342999999999996,-0.021620000000000417,0.013169999999998794,0.036630000000000607,-0.36,-0.05487999999999982,-0.05825000000000102
2008-11-01,0.39,6.8,-0.44719,-0.02722999999999942,0.022589999999999222,0.010939999999999728,-1.05,-0.07164000000000037,-0.03816999999999915
2008-12-01,0.16,7.3,-0.43821999999999983,-0.030059999999999754,0.013790000000000191,-0.0002199999999996649,-0.5599999999999999,-0.07946999999999971,-0.02984000000000009
2009-01-01,0.15,7.8,-0.47431,-0.024250000000000327,0.018320000000001002,-0.0011399999999994748,-0.030000000000000027,-0.09245999999999999,-0.023110000000000852
2009-02-01,0.22,8.3,-0.5192799999999997,-0.014809999999999768,0.00821000000000005,9.000000000014552e-05,-0.8999999999999999,-0.1096199999999996,-0.014899999999999913
2009-03-01,0.18,8.7,-0.43754000000000026,-0.008090000000000153,0.007939999999999614,-0.00446999999999953,0.04000000000000001,-0.1254299999999997,-0.0036200000000006227
2009-04-01,0.15,9.0,-0.4391400000000001,-0.0026700000000001722,0.017949999999999022,-0.005770000000000053,0.72,-0.12169000000000008,0.0030999999999998806
2009-05-01,0.18,9.4,-0.3625400000000001,0.002529999999999255,-0.01556999999999853,-0.010210000000000719,0.45,-0.10716000000000037,0.012739999999999974
2009-06-01,0.21,9.5,-0.34551,0.007909999999999862,-0.008390000000000342,-0.012370000000000658,-0.77,-0.09132000000000051,0.02028000000000052
2009-07-01,0.16,9.5,-0.11180000000000012,0.010889999999999844,0.0024599999999992406,-0.01977999999999991,-1.74,-0.08474999999999966,0.030669999999999753
2009-08-01,0.16,9.6,0.05169999999999986,0.004529999999999923,0.006099999999999994,-0.014950000000000685,-1.4000000000000001,-0.05844999999999967,0.019480000000000608
2009-09-01,0.15,9.8,-0.3056000000000001,0.015080000000000204,0.006700000000000372,-0.013880000000000337,0.040000000000000036,-0.02740000000000009,0.02896000000000054
2009-10-01,0.12,10.0,-0.02804999999999991,0.03666999999999998,-0.0038799999999987733,-0.002240000000000464,0.52,0.023429999999999396,0.038910000000000444
2009-11-01,0.12,9.9,0.05335000000000001,0.0484,-0.009890000000000398,0.018970000000000375,0.74,0.058259999999999756,0.029429999999999623
2009-12-01,0.12,9.9,0.08673999999999982,0.050639999999999574,-0.000700000000000145,0.027759999999999785,0.08999999999999997,0.0904499999999997,0.02287999999999979
2010-01-01,0.11,9.8,0.10838999999999999,0.04171999999999976,-0.006140000000000256,0.025869999999999393,0.08000000000000002,0.12007999999999974,0.015850000000000364
2010-02-01,0.13,9.8,0.11355000000000004,0.03463999999999956,0.0040800000000000836,0.021279999999999966,0.28,0.1405099999999999,0.013359999999999594
2010-03-01,0.16,9.9,0.19020000000000037,0.0295399999999999,0.007939999999999614,0.02259999999999973,0.16999999999999998,0.15273999999999965,0.006940000000000168
2010-04-01,0.2,9.9,0.20140000000000002,0.024059999999999526,0.010260000000000602,0.02181999999999995,-0.55,0.15047999999999995,0.0022399999999995757
2010-05-01,0.2,9.6,0.1676899999999999,0.018310000000000493,0.003209999999999269,0.01983000000000068,0.09999999999999998,0.14003999999999994,-0.0015200000000001879
2010-06-01,0.18,9.4,0.13412000000000024,0.012299999999999756,0.02185000000000059,0.01115000000000066,0.45999999999999996,0.14137999999999984,0.0011499999999990962
2010-07-01,0.18,9.4,0.029889999999999972,0.0086700000000004,0.02709000000000117,0.013319999999999332,0.69,0.14850999999999992,-0.004649999999998933
2010-08-01,0.19,9.5,-0.21056000000000008,0.022090000000000387,0.032010000000001426,0.011430000000000717,1.4300000000000002,0.1373799999999994,0.01065999999999967
2010-09-01,0.19,9.5,0.22479000000000005,0.020010000000000083,0.02895000000000003,0.011130000000000528,0.86,0.12089999999999979,0.008879999999999555
2010-10-01,0.19,9.4,0.16233999999999993,0.003990000000000826,0.0322300000000002,0.011600000000000499,1.1300000000000001,0.08559000000000072,-0.007609999999999673
2010-11-01,0.19,9.8,0.10959999999999992,-0.004310000000000258,0.03067000000000064,0.010779999999999568,1.25,0.06435000000000013,-0.015089999999999826
2010-12-01,0.18,9.3,0.11298999999999992,-0.0018099999999998673,0.032090000000000174,0.014269999999999783,1.3199999999999998,0.04416000000000064,-0.01607999999999965
2011-01-01,0.17,9.1,0.16213999999999995,0.004450000000000287,0.036310000000000286,0.01686999999999994,1.1,0.02523000000000053,-0.012419999999999654
2011-02-01,0.16,9.0,0.23728999999999978,0.011580000000000368,0.03866999999999976,0.02102999999999966,0.52,0.020799999999999486,-0.009449999999999292
2011-03-01,0.14,9.0,0.11676999999999982,0.01825999999999972,0.03208000000000055,0.025859999999999772,0.37,0.022700000000000387,-0.007600000000000051
2011-04-01,0.1,9.1,0.14751000000000003,0.023260000000000502,0.02178999999999931,0.03031000000000006,1.32,0.02688999999999986,-0.007049999999999557
2011-05-01,0.09,9.0,0.013360000000000039,0.032440000000000246,0.013069999999999027,0.03400999999999943,0.49999999999999994,0.038440000000000474,-0.0015699999999991832
2011-06-01,0.09,9.1,0.01706999999999992,0.037830000000000474,0.016809999999999548,0.03442999999999952,0.23,0.0452300000000001,0.003400000000000958
2011-07-01,0.07,9.0,0.05835999999999997,0.03832999999999931,0.019829999999998904,0.035169999999999924,0.32999999999999996,0.05100999999999978,0.0031599999999993855
2011-08-01,0.1,9.0,0.03946000000000005,0.036109999999999864,0.016409999999998703,0.03685999999999989,-0.41000000000000003,0.05356000000000005,-0.0007500000000000284
2011-09-01,0.08,9.0,0.10709999999999997,0.0332599999999994,0.015119999999999578,0.0374099999999995,-0.92,0.05170999999999992,-0.004150000000000098
2011-10-01,0.07,8.8,0.09323000000000015,0.03305999999999987,0.01570999999999856,0.03461999999999943,-1.05,0.05180999999999969,-0.0015599999999995617
2011-11-01,0.08,8.6,0.10497999999999985,0.032440000000000246,0.013989999999999725,0.03393000000000068,-0.32,0.05008999999999997,-0.0014900000000004354
2011-12-01,0.07,8.5,0.08302999999999994,0.03183000000000025,0.017039999999999722,0.03016000000000041,-0.75,0.04308999999999941,0.0016699999999998383
2012-01-01,0.08,8.3,0.1137100000000002,0.03207000000000004,0.017689999999999984,0.029640000000000555,-0.39,0.03109999999999946,0.002429999999999488
2012-02-01,0.1,8.3,0.13156999999999996,0.029009999999999536,0.019610000000000127,0.028570000000000206,-0.35,0.02507000000000037,0.0004399999999993298
2012-03-01,0.13,8.2,0.09211999999999998,0.024490000000000123,0.0250900000000005,0.025500000000000078,-1.1,0.024540000000000006,-0.0010099999999999554
2012-04-01,0.14,8.2,0.09999000000000002,0.02120999999999995,0.03059999999999974,0.022479999999999833,-1.9400000000000002,0.030529999999999724,-0.0012699999999998823
2012-05-01,0.16,8.2,0.16541000000000006,0.013479999999999492,0.03155000000000108,0.017230000000000523,-1.6099999999999999,0.0343,-0.0037500000000010303
2012-06-01,0.16,8.2,0.19808000000000003,0.009529999999999816,0.02632000000000012,0.01639999999999997,-0.8999999999999999,0.02490000000000059,-0.006870000000000154
2012-07-01,0.16,8.2,0.12175000000000002,0.008880000000000443,0.015050000000000452,0.014080000000000759,-0.98,0.013239999999999696,-0.0052000000000003155
2012-08-01,0.13,8.1,0.13788,0.0101899999999997,0.012570000000000192,0.016719999999999402,-0.03,-0.002909999999999968,-0.006529999999999703
2012-09-01,0.14,7.8,0.12490000000000023,0.009879999999999889,0.021010000000000417,0.01930999999999994,0.29000000000000004,-0.013469999999999871,-0.00943000000000005
2012-10-01,0.16,7.8,0.08052999999999999,0.010089999999999932,0.027000000000001023,0.02132999999999985,0.37,-0.01994000000000007,-0.011239999999999917
2012-11-01,0.16,7.7,0.12098000000000031,0.013809999999999434,0.04085000000000072,0.01780999999999988,-0.49,-0.02161999999999953,-0.004000000000000448
2012-12-01,0.16,7.9,0.11673,0.014939999999999287,0.05609000000000108,0.017439999999999678,-0.10999999999999999,-0.01884999999999959,-0.002500000000000391
2013-01-01,0.14,8.0,0.09596999999999989,0.014300000000000423,-0.009449999999999292,0.01670000000000016,-0.44,-0.009069999999999467,-0.0023999999999997357
2013-02-01,0.15,7.7,0.05968000000000018,0.008880000000000443,-0.016690000000000538,0.01998000000000033,-0.39,-0.0006900000000005235,-0.011099999999999888
2013-03-01,0.14,7.5,0.07930999999999999,0.009400000000000297,-0.016540000000000887,0.015069999999999695,-0.18000000000000005,-0.002360000000000362,-0.005669999999999398
2013-04-01,0.15,7.6,0.06989000000000001,0.010239999999999583,-0.017159999999998732,0.011319999999999553,-0.41,-0.00988999999999951,-0.0010799999999999699
2013-05-01,0.11,7.5,0.09457000000000004,0.009929999999999772,-0.012140000000000484,0.013809999999999434,-0.18999999999999995,-0.0205700000000002,-0.0038799999999996615
2013-06-01,0.09,7.5,0.11091000000000006,0.012290000000000134,-0.010859999999999204,0.01700999999999997,0.039999999999999925,-0.02340000000000053,-0.0047199999999998354
2013-07-01,0.09,7.3,0.1110199999999999,0.013049999999999784,-0.00446999999999953,0.018679999999999808,0.039999999999999925,-0.01933999999999969,-0.005630000000000024
2013-08-01,0.08,7.2,0.0943299999999998,0.0120900000000006,0.0006099999999999994,0.015270000000000117,-0.43999999999999995,-0.008869999999999933,-0.0031799999999995165
2013-09-01,0.08,7.2,0.04937999999999976,0.013910000000000089,-0.001960000000000406,0.010889999999999844,-0.020000000000000018,0.005399999999999849,0.0030200000000002447
2013-10-01,0.09,7.2,0.05627000000000004,0.01159999999999961,-0.01281999999999961,0.008729999999999905,-0.18,0.015069999999999695,0.002869999999999706
2013-11-01,0.08,6.9,0.03786999999999985,0.00788000000000011,-0.024080000000001434,0.012249999999999872,-0.33999999999999997,0.020340000000000025,-0.004369999999999763
2013-12-01,0.09,6.7,0.02237,0.004970000000000141,-0.046789999999999665,0.015019999999999811,-0.33999999999999997,0.021300000000000097,-0.01004999999999967
2014-01-01,0.07,6.6,-0.014650000000000052,0.0006299999999992423,0.01804999999999879,0.01546000000000003,-0.58,0.011909999999999421,-0.014830000000000787
2014-02-01,0.07,6.7,0.006489999999999885,0.0034599999999995745,0.025729999999999364,0.011139999999999262,0.08999999999999997,0.006180000000000518,-0.007679999999999687
2014-03-01,0.08,6.7,0.07460999999999984,0.002650000000000041,0.028220000000001022,0.016000000000000014,-0.07999999999999996,0.0048799999999999955,-0.013349999999999973
2014-04-01,0.09,6.2,0.05227000000000004,0.004170000000000229,0.028810000000000002,0.01995000000000058,-0.08999999999999997,0.0042999999999997485,-0.01578000000000035
2014-05-01,0.09,6.3,0.0743999999999998,0.005230000000000068,0.027309999999999945,0.021430000000000504,0.020000000000000018,0.0034000000000000696,-0.016200000000000436
2014-06-01,0.1,6.1,0.0821799999999997,0.0016699999999998383,0.03075999999999901,0.020380000000000287,-0.029999999999999916,0.0012100000000003774,-0.01871000000000045
2014-07-01,0.09,6.2,0.07241000000000009,0.001580000000000581,0.033799999999999386,0.019549999999999734,-0.16999999999999993,0.0010500000000002174,-0.017969999999999153
2014-08-01,0.09,6.1,0.08191000000000015,0.0027200000000000557,0.03607000000000049,0.01700999999999997,-0.06000000000000005,-0.0004499999999998394,-0.014289999999999914
2014-09-01,0.09,5.9,0.06377000000000033,0.0022999999999999687,0.034610000000000696,0.01670000000000016,-0.5399999999999999,-0.003989999999999938,-0.01440000000000019
2014-10-01,0.09,5.7,0.06137999999999977,0.0047399999999999665,0.04343999999999859,0.01596000000000064,-0.41,-0.015279999999999738,-0.011220000000000674
2014-11-01,0.09,5.8,0.05147000000000013,0.005370000000000097,0.0470000000000006,0.01224000000000025,-0.28,-0.030079999999999885,-0.006870000000000154
2014-12-01,0.12,5.6,0.08037000000000027,0.005770000000000053,0.052369999999999806,0.00651000000000046,0.08999999999999997,-0.04443999999999981,-0.000740000000000407
2015-01-01,0.11,5.7,0.07726999999999995,0.0032900000000006813,0.05346000000000117,-0.0022999999999999687,0.12,-0.044950000000000045,0.00559000000000065
2015-02-01,0.11,5.5,0.05263000000000018,0.0047399999999999665,0.05188000000000059,-0.0008699999999999264,-0.03999999999999998,-0.02317999999999998,0.005609999999999893
2015-03-01,0.11,5.4,0.05010000000000003,0.007019999999999804,0.04375999999999891,-0.0002199999999996649,0.22999999999999998,-0.013099999999999667,0.007239999999999469
2015-04-01,0.12,5.4,0.05780999999999992,0.007089999999999819,0.042180000000000106,-0.001040000000000596,0.45999999999999996,-0.0054600000000002424,0.008130000000000415
2015-05-01,0.12,5.6,0.04389000000000021,0.008080000000000531,0.04068000000000005,0.0003500000000000725,0.2899999999999999,0.0019000000000000128,0.007730000000000459
2015-06-01,0.13,5.3,0.01598999999999995,0.009470000000000312,0.03772999999999982,0.0018000000000002458,-0.18000000000000005,0.0037399999999996325,0.007670000000000066
2015-07-01,0.13,5.2,0.05630000000000024,0.008219999999999672,0.038030000000000896,0.0022500000000000853,0.41,-0.0009199999999998099,0.005969999999999587
2015-08-01,0.14,5.1,0.06518000000000024,0.006439999999999557,0.03579000000000043,0.0024100000000002453,-0.050000000000000044,-0.007909999999999862,0.004029999999999312
2015-09-01,0.14,5.0,0.07604999999999995,0.006070000000000242,0.03538999999999959,9.000000000014552e-05,0.41999999999999993,-0.015500000000000291,0.005980000000000096
2015-10-01,0.12,5.0,0.08745000000000003,0.0037599999999997635,0.03240000000000087,0.0012799999999995038,0.35,-0.01731999999999978,0.0024800000000002598
2015-11-01,0.12,5.1,0.07670999999999983,0.003449999999999953,0.026720000000000965,0.004349999999999632,0.32999999999999996,-0.018050000000000566,-0.0008999999999996788
2015-12-01,0.24,5.0,0.01914999999999978,0.0026200000000002888,0.02455999999999925,0.006369999999999543,-0.19999999999999996,-0.012940000000000396,-0.003749999999999254
2016-01-01,0.34,4.8,0.06668999999999992,0.004109999999999836,0.02316999999999858,0.012299999999999756,-0.29000000000000004,-0.0016399999999991977,-0.00818999999999992
2016-02-01,0.38,4.9,0.0691799999999998,0.007200000000000095,0.020530000000000825,0.008440000000000225,-0.43,-0.022560000000000358,-0.0012400000000001299
2016-03-01,0.36,5.0,-0.03692999999999991,0.005239999999999689,0.023200000000000998,0.008880000000000443,-0.27,-0.02770000000000028,-0.0036400000000007537
2016-04-01,0.37,5.1,-0.00010999999999983245,0.001280000000000392,0.018909999999999982,0.011660000000000004,0.07999999999999996,-0.01993999999999918,-0.010379999999999612
2016-05-01,0.37,4.8,-0.011499999999999844,-0.0010300000000000864,0.01644000000000112,0.010729999999999684,-0.15999999999999992,-0.019440000000000346,-0.01175999999999977
2016-06-01,0.38,4.9,-0.0038599999999999746,-0.0030000000000001137,0.016500000000000625,0.010729999999999684,0.5800000000000001,-0.031209999999999738,-0.013729999999999798
2016-07-01,0.39,4.8,-0.0046599999999998865,-0.0010799999999999699,0.018129999999999313,0.008650000000000269,0.23999999999999996,-0.03974000000000011,-0.009730000000000238
2016-08-01,0.4,4.9,-0.022490000000000343,-0.0005100000000002325,0.01713999999999949,0.010500000000000398,0.77,-0.03772999999999982,-0.01101000000000063
2016-09-01,0.4,5.0,-0.01462999999999992,-0.0008699999999999264,0.016820000000000945,0.015369999999999884,0.11000000000000004,-0.018479999999999386,-0.01623999999999981
2016-10-01,0.4,4.9,-0.011969999999999814,0.0020500000000005514,0.016899999999999693,0.01672000000000029,0.19,-0.028970000000000162,-0.014669999999999739
2016-11-01,0.41,4.7,-0.02563000000000004,0.0018299999999999983,0.019829999999998904,0.01670999999999978,0.33,-0.034239999999999604,-0.014879999999999782
2016-12-01,0.54,4.7,0.047169999999999934,0.0028100000000002012,0.017870000000000275,0.02030000000000065,0.38,-0.0317400000000001,-0.01749000000000045
2017-01-01,0.65,4.7,-0.0183399999999998,0.00990000000000002,0.017730000000000246,0.024789999999999424,0.9700000000000001,-0.04147999999999996,-0.014889999999999404
2017-02-01,0.66,4.6,-0.018650000000000055,0.006160000000000387,0.019719999999999516,0.0277099999999999,0.9,-0.03725999999999985,-0.021549999999999514
2017-03-01,0.79,4.4,-0.010159999999999947,0.004129999999999967,0.02383000000000024,0.02411999999999992,0.74,-0.031299999999999883,-0.019989999999999952
2017-04-01,0.9,4.4,-0.02798999999999996,0.006330000000000169,0.028179999999998984,0.02153000000000027,0.29000000000000004,-0.04844000000000026,-0.015200000000000102
2017-05-01,0.91,4.4,-0.036760000000000126,0.004150000000000098,0.03589999999999982,0.01839000000000013,0.57,-0.05484999999999918,-0.01424000000000003
2017-06-01,1.04,4.3,-0.03708,0.0003399999999995629,0.035779999999999035,0.016280000000000072,0.38,-0.05093999999999976,-0.01594000000000051
2017-07-01,1.15,4.3,-0.05217000000000027,-0.007530000000000037,0.03471000000000046,0.017100000000000115,0.26,-0.04567999999999994,-0.024630000000000152
2017-08-01,1.16,4.4,-0.05428999999999995,-0.008439999999999337,0.03476999999999997,0.019089999999999385,0.30000000000000004,-0.04240000000000066,-0.027529999999998722
2017-09-01,1.15,4.3,0.01798999999999973,-0.011840000000000295,0.034369999999999123,0.021570000000000533,0.8500000000000001,-0.0701900000000002,-0.03341000000000083
2017-10-01,1.15,4.2,0.025399999999999867,-0.01574999999999971,0.03541000000000061,0.019999999999999574,0.8500000000000001,-0.03151999999999955,-0.03574999999999928
2017-11-01,1.16,4.2,0.007950000000000124,-0.012500000000000178,0.034259999999999735,0.02149000000000001,1.13,-0.012319999999999887,-0.03399000000000019
2017-12-01,1.3,4.1,-0.026089999999999947,-0.006090000000000373,0.03326999999999991,0.021069999999999922,0.9099999999999999,-0.009619999999999962,-0.027160000000000295
2018-01-01,1.41,4.0,-0.032030000000000225,-0.0025599999999998957,0.03505999999999965,0.021290000000000475,0.41999999999999993,-0.0014500000000001734,-0.02385000000000037
2018-02-01,1.42,4.1,-0.019839999999999858,-0.006079999999999863,0.03438000000000052,0.022390000000000576,-0.09,-0.0005100000000002325,-0.02847000000000044
2018-03-01,1.51,4.0,0.03190999999999988,-0.003909999999999414,0.03384999999999927,0.02303999999999995,0.36,-0.007349999999999746,-0.026949999999999363
2018-04-01,1.69,4.0,0.02041999999999966,-0.01485000000000003,0.03373999999999988,0.0244099999999996,0.51,-0.005209999999999937,-0.03925999999999963
2018-05-01,1.7,3.8,0.03988000000000014,-0.013630000000000031,0.03013999999999939,0.027439999999999465,0.52,-0.0004900000000001015,-0.041069999999999496
2018-06-01,1.82,4.0,0.03222000000000014,-0.009069999999999467,0.033670000000000755,0.02768000000000015,0.35,0.0019000000000000128,-0.036749999999999616
2018-07-01,1.91,3.8,0.017360000000000042,-0.0050200000000000244,0.03514999999999979,0.02814999999999923,0.36,0.005359999999999587,-0.033169999999999256
2018-08-01,1.91,3.8,0.02554999999999996,-0.004160000000000608,0.03745999999999938,0.026089999999999947,0.15000000000000002,0.008860000000000312,-0.030250000000000554
2018-09-01,1.95,3.7,-0.03486000000000011,-0.00214999999999943,0.03550000000000075,0.02304999999999957,-0.09000000000000008,0.013880000000000337,-0.025199999999999
2018-10-01,2.19,3.8,-0.03320999999999996,-0.00012000000000078614,0.035009999999999764,0.02462000000000053,-0.27,0.003209999999999269,-0.024740000000001316
2018-11-01,2.2,3.8,0.00011999999999989797,0.0019300000000006534,0.03617000000000026,0.021240000000000592,-0.35999999999999993,0.01080999999999932,-0.01930999999999994
2018-12-01,2.27,3.9,0.00845000000000029,0.0033400000000005647,0.04677000000000042,0.019829999999999792,-0.21999999999999997,0.014789999999999637,-0.016489999999999227
2019-01-01,2.4,4.0,-0.018629999999999924,3.999999999937387e-05,0.04271000000000136,0.014759999999999884,-0.06999999999999995,0.026029999999999553,-0.01472000000000051
2019-02-01,2.4,3.8,-0.03122999999999987,0.0025100000000000122,0.04194999999999993,0.015069999999999695,0.09,0.02584000000000053,-0.012559999999999683
2019-03-01,2.41,3.8,0.008220000000000116,0.006599999999999717,0.038759999999999906,0.018650000000000055,-0.22,0.02151000000000014,-0.012050000000000338
2019-04-01,2.42,3.7,-0.04333999999999971,0.011730000000000018,0.03451000000000093,0.01981000000000055,-0.5,0.014539999999999331,-0.008080000000000531
2019-05-01,2.39,3.6,0.003229999999999844,0.00925999999999938,0.031029999999999447,0.01780000000000026,-1.0,0.0002899999999996794,-0.00854000000000088
2019-06-01,2.38,3.6,0.00041000000000002146,0.006349999999999412,0.028859999999999886,0.016579999999999373,-0.9099999999999999,0.0020899999999999253,-0.010229999999999961
2019-07-01,2.4,3.7,-0.0022199999999998887,0.0042200000000001125,0.02578999999999887,0.018090000000000828,-0.9,0.0038000000000000256,-0.013870000000000715
2019-08-01,2.13,3.6,0.01756000000000002,0.0024100000000002453,0.027550000000001518,0.017230000000000523,-0.8300000000000001,0.004280000000000506,-0.014820000000000277
2019-09-01,2.04,3.5,-0.006909999999999972,0.0008599999999994168,0.029749999999999943,0.01670999999999978,-0.32999999999999996,0.012869999999999493,-0.015850000000000364
2019-10-01,1.83,3.6,-0.05525000000000002,0.0009600000000000719,0.028660000000000352,0.01719000000000026,-0.44000000000000006,0.010460000000000136,-0.01623000000000019
2019-11-01,1.55,3.6,-0.026269999999999794,-0.000580000000000247,0.029070000000000817,0.02070999999999934,-0.31000000000000005,-0.0013199999999997658,-0.021289999999999587
2019-12-01,1.55,3.6,-0.03270000000000017,0.00023999999999979593,0.011369999999999436,0.022929999999999673,-0.43,-0.0006599999999998829,-0.022689999999999877
2020-01-01,1.55,3.6,-0.0009699999999996933,0.0005700000000006256,0.019539999999999225,0.02566999999999986,-0.46,-0.01980999999999966,-0.025099999999999234
2020-02-01,1.58,3.5,0.013100000000000112,0.003210000000000157,0.02160999999999902,0.023139999999999716,1.1600000000000001,-0.011870000000000047,-0.01992999999999956
2020-03-01,0.65,4.4,-0.4154300000000002,-0.005279999999999951,0.008680000000000021,0.014829999999999899,2.4499999999999997,0.0031799999999995165,-0.02010999999999985
2020-04-01,0.05,14.8,-0.6483500000000002,-0.0057600000000004314,0.14817999999999998,0.0031200000000000117,3.35,-0.007209999999999717,-0.008880000000000443
2020-05-01,0.05,13.2,-0.35131999999999985,-0.0026799999999997937,0.09674000000000049,0.001980000000000537,3.18,-0.004710000000000214,-0.0046600000000003305
2020-06-01,0.08,11.0,-0.2693699999999999,-0.0016899999999999693,0.09132999999999925,0.00714000000000059,2.7299999999999995,-0.03000000000000025,-0.00883000000000056
2020-07-01,0.09,10.2,-0.14426000000000005,0.006009999999999849,0.0990000000000002,0.009919999999999263,3.43,-0.009909999999999641,-0.003909999999999414
2020-08-01,0.1,8.4,-0.1025100000000001,0.007220000000000226,0.054520000000000124,0.012729999999999464,1.78,0.03830999999999918,-0.005509999999999238
2020-09-01,0.09,7.8,-0.05301,0.010780000000000456,0.05792999999999893,0.013810000000000322,0.49,0.09796000000000049,-0.003029999999999866
2020-10-01,0.09,6.9,-0.025619999999999976,0.015740000000000087,0.05299999999999905,0.012229999999999741,0.03,0.11012999999999984,0.003510000000000346
2020-11-01,0.09,6.7,-0.07699000000000034,0.01592000000000038,0.038259999999999295,0.011690000000000644,0.63,0.10360999999999976,0.004229999999999734
2020-12-01,0.09,6.7,-0.033929999999999794,0.018650000000000055,0.04452000000000034,0.013120000000000687,1.68,0.09608000000000061,0.005529999999999369
2021-01-01,0.09,6.4,-0.012750000000000039,0.014179999999999637,0.13837999999999973,0.01346000000000025,1.3199999999999998,0.09527000000000019,0.0007199999999993878
2021-02-01,0.08,6.2,-0.061100000000000154,0.011469999999999203,0.04891000000000112,0.01654,0.69,0.08878999999999948,-0.005070000000000796
2021-03-01,0.07,6.1,0.45001000000000024,0.014599999999999724,0.26759999999999984,0.025900000000000034,-0.33999999999999986,0.08949000000000051,-0.01130000000000031
2021-04-01,0.07,6.1,0.7470300000000001,0.019680000000000142,-0.03357000000000099,0.04054000000000002,-0.5500000000000003,0.19031999999999982,-0.02085999999999988
2021-05-01,0.06,5.8,0.3302299999999998,0.03295000000000048,-0.011029999999999873,0.0480899999999993,0.5499999999999998,0.2603,-0.015139999999998821
2021-06-01,0.08,5.9,0.16732999999999976,0.05119000000000007,-0.012519999999998532,0.05180999999999969,0.5700000000000003,0.37321000000000026,-0.0006199999999996209
2021-07-01,0.1,5.4,-0.0038599999999999746,0.061790000000000234,-0.014849999999999142,0.05135000000000023,0.020000000000000018,0.3481899999999998,0.010440000000000005
2021-08-01,0.09,5.1,-0.15156999999999998,0.0735399999999995,0.022419999999998552,0.050510000000000055,1.89,0.2768500000000005,0.02302999999999944
2021-09-01,0.08,4.7,-0.27937999999999974,0.08380999999999972,0.005679999999999907,0.05224999999999991,2.8200000000000003,0.21840999999999955,0.03155999999999981
2021-10-01,0.08,4.5,-0.23701000000000016,0.0939899999999998,0.009600000000000719,0.060399999999999565,3.88,0.23466000000000076,0.03359000000000023
2021-11-01,0.08,4.1,-0.20221,0.10537999999999936,0.01842000000000077,0.06639999999999979,3.62,0.27335000000000065,0.03897999999999957
2021-12-01,0.08,3.9,-0.2622600000000004,0.1111399999999998,0.012909999999999755,0.06913999999999998,2.7600000000000007,0.3169499999999994,0.041999999999999815
2022-01-01,0.08,4.0,-0.11526000000000014,0.11500000000000021,-0.11570999999999998,0.07305000000000028,2.39,0.3401399999999999,0.04194999999999993
2022-02-01,0.08,3.9,-0.13207000000000013,0.11674000000000007,-0.02976000000000134,0.07649000000000061,0.8500000000000001,0.3446700000000007,0.04024999999999945
2022-03-01,0.2,3.7,-0.2653500000000002,0.11819999999999986,-0.2408999999999999,0.08195999999999959,0.5699999999999998,0.30244999999999944,0.03624000000000027
2022-04-01,0.33,3.7,-0.24492000000000003,0.12413000000000007,-0.07724999999999937,0.07913999999999977,0.7800000000000002,0.20482000000000067,0.04499000000000031
2022-05-01,0.77,3.6,-0.2832499999999998,0.11890999999999963,-0.04963000000000051,0.08185999999999982,-0.31000000000000005,0.14897000000000027,0.037049999999999805
2022-06-01,1.21,3.6,-0.1546599999999998,0.10822999999999983,-0.047130000000001004,0.08617000000000008,-0.3700000000000001,0.06862999999999975,0.022059999999999746
2022-07-01,1.68,3.5,-0.09654000000000007,0.09931999999999963,-0.04087999999999958,0.08110000000000017,-1.14,0.06405999999999956,0.01821999999999946
2022-08-01,2.33,3.6,0.017750000000000377,0.09579000000000004,-0.033039999999999736,0.07896000000000036,-1.8399999999999999,0.07484000000000002,0.01682999999999968
2022-09-01,2.56,3.5,0.10267999999999988,0.08990000000000009,-0.01837999999999873,0.07885999999999971,-2.4000000000000004,0.06918999999999986,0.011040000000000383
2022-10-01,3.08,3.6,0.1380600000000003,0.08056000000000019,-0.015489999999999782,0.0747100000000005,-2.85,0.019870000000000054,0.005849999999999689
2022-11-01,3.78,3.6,0.08456000000000019,0.0695199999999998,-0.011070000000000135,0.06888999999999967,-3.12,-0.034120000000000594,0.0006300000000001305
2022-12-01,4.1,3.5,0.05410000000000004,0.05720999999999954,-0.0019700000000000273,0.06213999999999942,-3.1300000000000003,-0.09256999999999938,-0.004929999999999879
2023-01-01,4.33,3.5,0.04770999999999992,0.05604000000000031,0.042340000000001154,0.061469999999999914,-2.6799999999999997,-0.12368000000000023,-0.005429999999999602
2023-02-01,4.57,3.6,0.08426,0.05667000000000044,0.04762000000000022,0.05786999999999942,-3.0700000000000003,-0.14443000000000072,-0.0011999999999989797
2023-03-01,4.65,3.5,0.09441999999999995,0.059180000000000454,0.05850000000000044,0.04813000000000045,-4.06,-0.11634999999999973,0.011050000000000004
2023-04-01,4.83,3.4,0.11317999999999984,0.052979999999999805,0.060740000000000904,0.0482800000000001,-4.9,-0.06796000000000024,0.004699999999999704
2023-05-01,5.06,3.6,0.18169999999999975,0.045560000000000045,0.06571000000000105,0.04043000000000063,-4.38,-0.043700000000000294,0.005129999999999413
2023-06-01,5.08,3.6,0.18549999999999978,0.03977000000000075,0.0693400000000004,0.030129999999999768,-3.5700000000000003,-0.05459000000000014,0.009640000000000981
2023-07-01,5.12,3.5,0.16635,0.0345500000000003,0.058499999999998664,0.032280000000000086,-2.8,-0.0590799999999998,0.0022700000000002163
2023-08-01,5.33,3.7,0.12747999999999982,0.028850000000000264,0.05399000000000065,0.03651999999999944,-2.6100000000000003,-0.06953000000000031,-0.0076699999999991775
2023-09-01,5.33,3.7,0.14085999999999999,0.02503999999999973,0.050939999999998875,0.036290000000000155,-1.7000000000000002,-0.0832499999999996,-0.011250000000000426
2023-10-01,5.33,3.9,0.04527999999999999,0.01853999999999978,0.05116999999999905,0.031950000000000145,-1.52,-0.07370000000000054,-0.013410000000000366
2023-11-01,5.33,3.7,0.08404999999999996,0.013380000000000614,0.054499999999999105,0.030910000000000437,-1.11,-0.03737999999999975,-0.017529999999999824
2023-12-01,5.33,3.8,0.16945000000000032,0.009890000000000398,0.05306999999999995,0.03268000000000004,-1.51,-0.012710000000000221,-0.022789999999999644
2024-01-01,5.33,3.7,-0.005290000000000017,0.007309999999999484,0.03877999999999915,0.03060999999999936,-1.4300000000000002,-0.036889999999999645,-0.023299999999999876
2024-02-01,5.33,3.9,0.053220000000000045,0.004329999999999501,0.034580000000000055,0.031170000000000364,0.03,-0.01097999999999999,-0.026840000000000863
2024-03-01,5.33,3.9,0.03934000000000015,-0.0006800000000000139,0.02985999999999933,0.034110000000000085,0.8099999999999999,-0.010290000000000354,-0.0347900000000001
2024-04-01,5.33,3.9,0.006540000000000212,-0.0034200000000002007,0.028939999999998633,0.03298999999999985,0.3500000000000001,-0.056709999999999816,-0.03641000000000005
2024-05-01,5.33,3.9,0.03083999999999998,-0.007620000000000182,0.029599999999998516,0.03186999999999962,1.0,-0.09635000000000016,-0.0394899999999998
2024-06-01,5.33,4.1,-0.048639999999999795,-0.008880000000000443,0.030590000000000117,0.02927000000000035,0.77,-0.10677999999999965,-0.038150000000000794
2024-07-01,5.33,4.2,0.0011299999999998533,-0.010270000000000223,0.02815999999999974,0.028959999999999653,0.8999999999999999,-0.10648999999999997,-0.039229999999999876
2024-08-01,5.33,4.2,-0.005739999999999856,-0.012050000000000338,0.027269999999999683,0.025770000000000515,1.28,-0.08924999999999983,-0.03782000000000085
2024-09-01,5.13,4.1,0.008620000000000072,-0.012970000000000148,0.0278299999999998,0.024030000000000662,0.76,-0.06612000000000062,-0.03700000000000081
2024-10-01,4.83,4.1,0.052429999999999755,-0.012719999999999843,0.026690000000000325,0.0253899999999998,0.020000000000000018,-0.04994000000000032,-0.038109999999999644
2024-11-01,4.64,4.2,0.07589999999999986,-0.006840000000000401,0.024060000000000414,0.026779999999999582,-0.45000000000000007,-0.05070999999999959,-0.03361999999999998
2024-12-01,4.48,4.1,0.06182999999999961,-0.004209999999999603,0.02185000000000059,0.0283199999999999,-0.1,-0.04905999999999988,-0.032529999999999504
2025-01-01,4.33,4.0,0.026250000000000107,-0.0033000000000003027,0.017730000000000246,0.02955000000000041,0.17,0.010289999999999466,-0.03285000000000071
2025-02-01,4.33,4.2,0.014419999999999877,-0.003109999999999502,0.017699999999999605,0.027759999999999785,0.19,0.007490000000000663,-0.030869999999999287
2025-03-01,4.33,4.2,0.12740000000000018,-0.000440000000000218,0.023120000000000474,0.023769999999999847,0.16999999999999998,0.0057400000000003,-0.024210000000000065
2025-04-01,4.33,4.2,0.07114999999999982,0.0030600000000005068,0.027639999999999887,0.023069999999999702,0.71,0.015029999999999433,-0.020009999999999195
2025-05-01,4.33,4.3,-0.01645999999999992,0.0043199999999998795,0.015000000000000568,0.023480000000000167,0.86,0.01782000000000039,-0.019160000000000288
2025-06-01,4.33,4.1,0.032259999999999955,0.0024800000000002598,0.011820000000000164,0.026379999999999626,0.43000000000000005,0.02751999999999999,-0.023899999999999366
2025-07-01,4.33,4.3,0.04430000000000023,0.004089999999999705,0.01489000000000118,0.02695000000000025,0.07,0.046789999999999665,-0.022860000000000547
2025-08-01,4.33,4.3,0.06556000000000006,0.006540000000000212,0.015359999999999374,0.028970000000000162,-0.29,0.05865999999999971,-0.02242999999999995
2025-09-01,4.22,4.4,0.027470000000000105,0.007500000000000284,0.014970000000001704,0.029779999999999696,-0.14,0.04956000000000049,-0.02227999999999941
2025-10-01,4.09,4.4,-0.03954999999999975,0.008770000000000167,0.011630000000000251,0.02751999999999999,0.26,0.044950000000000045,-0.018749999999999822
2025-11-01,3.88,4.5,-0.045399999999999885,0.00619000000000014,0.010020000000000806,0.02676000000000034,0.11000000000000001,0.03498999999999963,-0.0205700000000002
