date,ALTSALES YoY Log Change,CUSR0000SETA01 YoY Log Change,DSPIC96 YoY Log Change,CPIAUCSL YoY Log Change,FEDFUNDS YoY Log Change,GSCPI YoY Log Change,Relative Price YoY Log Change
2001-01-01,-4.8820000000000086,0.0700000000000145,4.115999999999964,3.654000000000046,53.00000000000003,-30.000000000000004,-3.5840000000000316
2001-02-01,-7.969000000000026,0.14099999999999113,3.8429999999999964,3.468000000000071,-24.00000000000002,-36.00000000000001,-3.32700000000008
2001-03-01,-5.5010000000000225,-0.280000000000058,3.880999999999979,2.939000000000025,-54.0,-28.999999999999993,-3.219000000000083
2001-04-01,-5.364000000000013,-0.49000000000001265,3.171000000000035,3.1670000000000087,-121.99999999999997,-110.99999999999999,-3.6570000000000213
2001-05-01,-5.677000000000021,-0.7010000000000183,2.579999999999849,3.5009999999999764,-205.99999999999997,-138.0,-4.201999999999995
2001-06-01,0.15199999999997438,-0.7710000000000328,2.335000000000065,3.14400000000008,-256.0,-73.00000000000001,-3.915000000000113
2001-07-01,-4.4159999999999755,-0.8410000000000473,3.282000000000096,2.6850000000000485,-277.0,-80.0,-3.5260000000000957
2001-08-01,-6.490000000000018,-1.1230000000000295,4.311000000000043,2.6850000000000485,-285.0,-85.0,-3.808000000000078
2001-09-01,-12.78100000000002,-0.9149999999999991,3.3319999999999794,2.5599999999999845,-345.0,-71.00000000000001,-3.4749999999999837
2001-10-01,23.766,-0.42200000000001125,1.2600000000000833,2.104999999999979,-401.99999999999994,-68.0,-2.5269999999999904
2001-11-01,8.63299999999998,-0.07099999999997664,1.334000000000124,1.8769999999999953,-442.0,-68.0,-1.947999999999972
2001-12-01,1.9760000000000222,-0.0700000000000145,1.314999999999955,1.5910000000000757,-458.0,-22.999999999999986,-1.6610000000000902
2002-01-01,-6.162000000000001,-0.7039999999999935,2.923999999999971,1.1890000000000178,-425.0,2.0000000000000018,-1.8930000000000113
2002-02-01,-2.4849999999999817,-1.5570000000000306,2.970999999999968,1.1299999999999422,-375.0,32.0,-2.6869999999999727
2002-03-01,-0.47599999999996534,-1.5579999999999927,2.738000000000085,1.3539999999999885,-357.99999999999994,14.999999999999996,-2.9119999999999813
2002-04-01,4.795000000000016,-1.6300000000000203,3.279000000000032,1.6309999999999825,-305.0,41.0,-3.261000000000003
2002-05-01,-4.075000000000006,-1.701999999999959,3.858000000000139,1.2340000000000018,-246.0,80.0,-2.935999999999961
2002-06-01,-2.8339999999999588,-1.7749999999999488,4.122999999999877,1.0629999999999917,-222.00000000000003,7.000000000000006,-2.8379999999999406
2002-07-01,10.05799999999999,-1.7749999999999488,2.3849999999999483,1.454999999999984,-204.0,-12.99999999999999,-3.229999999999933
2002-08-01,12.259999999999982,-1.5659999999999563,0.7550000000000168,1.731999999999978,-191.0,-31.000000000000007,-3.2979999999999343
2002-09-01,1.6680000000000028,-1.0660000000000558,1.713999999999949,1.504000000000083,-131.99999999999997,-46.00000000000001,-2.570000000000139
2002-10-01,-30.996999999999986,-1.1370000000000324,3.7659999999998917,2.0070000000000476,-74.00000000000003,-3.0000000000000027,-3.14400000000008
2002-11-01,-9.027999999999992,-1.487000000000016,3.9220000000000255,2.229000000000081,-74.99999999999997,67.0,-3.716000000000097
2002-12-01,8.577000000000012,-1.9129999999999647,4.007000000000005,2.4499999999999744,-58.00000000000001,45.999999999999986,-4.362999999999939
2003-01-01,1.2620000000000076,-2.1430000000000504,1.8440000000000012,2.719999999999967,-49.0,27.0,-4.863000000000017
2003-02-01,-7.261000000000006,-1.436999999999955,1.342999999999961,3.098000000000045,-48.0,15.000000000000002,-4.535
2003-03-01,-3.732000000000024,-1.004999999999967,1.4829999999999899,2.9799999999999827,-48.0,9.999999999999998,-3.9849999999999497
2003-04-01,-5.390000000000006,-1.220999999999961,1.6739999999998645,2.152000000000065,-49.0,2.9999999999999916,-3.373000000000026
2003-05-01,1.924999999999999,-1.223000000000063,2.009999999999934,1.8760000000000332,-49.0,10.999999999999998,-3.099000000000096
2003-06-01,0.35999999999996035,-1.2980000000000658,1.9750000000000156,1.9299999999999429,-53.0,50.0,-3.2280000000000086
2003-07-01,-6.08200000000001,-1.443000000000083,3.4250000000000114,2.0340000000000025,-72.0,95.0,-3.4770000000000856
2003-08-01,-0.965999999999978,-1.0100000000000442,4.0919999999999845,2.1919999999999717,-71.0,101.0,-3.202000000000016
2003-09-01,3.7209999999999965,-1.6580000000000261,2.848000000000006,2.350999999999992,-74.0,119.00000000000001,-4.009000000000018
2003-10-01,1.3729999999999798,-2.0929999999999893,2.962000000000131,2.0220000000000127,-74.0,96.0,-4.115000000000002
2003-11-01,6.003000000000025,-2.092000000000027,3.2890000000000086,1.9099999999999895,-34.00000000000001,34.0,-4.002000000000017
2003-12-01,-3.4760000000000346,-1.8770000000000842,3.098000000000134,2.0139999999999603,-26.0,32.00000000000001,-3.8910000000000444
2004-01-01,-0.7460000000000022,-1.234999999999964,3.1320000000000903,2.0059999999999967,-24.0,13.0,-3.2409999999999606
2004-02-01,5.054999999999987,-0.6529999999999703,3.650999999999982,1.6739999999999533,-25.0,-7.000000000000001,-2.3269999999999236
2004-03-01,4.0240000000000276,-1.0139999999999816,3.8429999999999964,1.7249999999999766,-25.0,32.0,-2.738999999999958
2004-04-01,0.3649999999999931,-0.72599999999996,3.6580000000000723,2.2669999999999746,-26.0,96.0,-2.9929999999999346
2004-05-01,9.48500000000001,-0.43600000000001415,3.420000000000023,2.8570000000000206,-26.0,56.00000000000001,-3.293000000000035
2004-06-01,-5.702999999999969,-0.07199999999993878,3.218000000000032,3.1190000000000495,-18.999999999999993,53.0,-3.1909999999999883
2004-07-01,0.5530000000000257,-0.5829999999999558,2.243999999999957,2.8979999999999784,25.0,-45.0,-3.480999999999934
2004-08-01,-7.010000000000005,-1.5329999999999622,1.8610000000000682,2.5150000000000006,39.99999999999999,14.000000000000002,-4.047999999999963
2004-09-01,2.834000000000003,-1.1699999999999378,3.049999999999997,2.506999999999948,60.00000000000001,-8.0,-3.676999999999886
2004-10-01,5.5010000000000225,-0.5119999999999791,2.6969999999998606,3.140999999999927,75.0,-34.0,-3.6529999999999063
2004-11-01,-1.6710000000000225,0.2909999999999968,1.7739999999999867,3.556999999999988,93.0,34.0,-3.265999999999991
2004-12-01,3.669000000000011,0.6540000000000212,5.298999999999943,3.2880000000000464,118.00000000000001,47.0,-2.634000000000025
2005-01-01,0.40400000000002656,1.234999999999964,1.57399999999992,2.8050000000000352,127.99999999999999,38.0,-1.5700000000000713
2005-02-01,-1.3989999999999725,0.941999999999954,1.4170000000000016,3.0079999999999885,149.0,25.0,-2.0660000000000345
2005-03-01,0.5509999999999682,0.72599999999996,1.3689999999998648,3.157000000000032,163.0,-27.0,-2.431000000000072
2005-04-01,4.626000000000019,0.72599999999996,1.343999999999923,3.3059999999999867,179.0,-173.0,-2.5800000000000267
2005-05-01,-4.791999999999996,0.8690000000000531,1.2750000000000483,2.827999999999964,200.0,-135.0,-1.9589999999999108
2005-06-01,13.099999999999978,0.6509999999999572,1.4139999999999375,2.5089999999999613,200.99999999999997,-135.0,-1.858000000000004
2005-07-01,20.008999999999986,0.3650000000000375,1.2959999999999638,3.021000000000029,199.99999999999997,-44.0,-2.6559999999999917
2005-08-01,1.1890000000000178,0.43999999999995154,1.1519999999999087,3.5820000000000185,207.00000000000003,-57.99999999999999,-3.142000000000067
2005-09-01,-5.937999999999999,0.8059999999999512,0.7559999999999789,4.63300000000002,200.99999999999997,9.0,-3.8270000000000692
2005-10-01,-13.870000000000005,0.9490000000000443,1.287000000000127,4.258000000000006,201.99999999999994,53.0,-3.308999999999962
2005-11-01,-5.4059999999999775,0.07300000000007856,2.2330000000000183,3.2840000000000202,207.00000000000003,-57.00000000000001,-3.2109999999999417
2005-12-01,-5.473999999999979,-0.43600000000001415,-1.0669999999999291,3.2840000000000202,200.0,-80.0,-3.7200000000000344
2006-01-01,7.08599999999997,-0.36199999999997345,3.7190000000000722,3.9399999999999658,201.00000000000003,-25.0,-4.301999999999939
2006-02-01,0.6809999999999761,-0.3610000000000113,4.133000000000031,3.573000000000004,199.00000000000003,-60.0,-3.9340000000000153
2006-03-01,-3.1260000000000066,-0.2900000000000347,4.161000000000037,3.361000000000036,196.0,-10.999999999999998,-3.651000000000071
2006-04-01,-4.173000000000027,-0.2900000000000347,3.8200000000001566,3.5499999999999865,200.0,142.00000000000003,-3.840000000000021
2006-05-01,-4.580999999999991,-0.7229999999999848,3.326999999999991,3.901000000000021,194.00000000000003,109.00000000000001,-4.624000000000006
2006-06-01,-9.418999999999977,-0.6509999999999572,3.2550000000000523,4.097000000000062,195.00000000000003,110.00000000000001,-4.748000000000019
2006-07-01,-18.50900000000002,0.3629999999999356,3.110000000000035,4.02199999999997,198.00000000000006,79.0,-3.6590000000000344
2006-08-01,-6.194000000000033,0.802999999999976,2.8669999999999973,3.852000000000011,175.0,57.00000000000001,-3.049000000000035
2006-09-01,-0.04900000000001015,0.36399999999998656,3.754999999999953,1.9919999999999938,163.0,-71.0,-1.6280000000000072
2006-10-01,9.471000000000007,-0.21800000000000708,3.651999999999944,1.3959999999999972,147.00000000000003,-44.0,-1.6140000000000043
2006-11-01,0.6599999999999717,-0.8020000000000138,3.4339999999998483,1.949999999999985,125.0,40.0,-2.751999999999999
2006-12-01,-0.7160000000000277,-0.802999999999976,3.604999999999947,2.4929999999999453,108.0,22.999999999999993,-3.295999999999921
2007-01-01,-6.8909999999999805,-1.1389999999999567,2.581999999999951,2.055000000000007,96.0,-51.0,-3.1939999999999635
2007-02-01,1.138000000000039,-1.3849999999999696,2.474999999999916,2.3920000000000385,76.99999999999996,1.0000000000000009,-3.777000000000008
2007-03-01,-2.4299999999999766,-1.033999999999935,2.41800000000012,2.7590000000000003,67.0,-20.999999999999996,-3.7929999999999353
2007-04-01,-2.1529999999999827,-0.9629999999999583,2.5919999999999277,2.5600000000000733,46.0,-94.0,-3.5230000000000317
2007-05-01,0.7759999999999767,-1.0050000000000558,2.7160000000000295,2.67299999999997,30.99999999999996,-52.0,-3.6780000000000257
2007-06-01,-3.2890000000000086,-1.117000000000079,2.5320000000000675,2.656999999999954,25.99999999999998,-54.0,-3.774000000000033
2007-07-01,-9.975999999999985,-1.1409999999999698,2.6839999999999975,2.292000000000005,1.9999999999999574,-34.0,-3.432999999999975
2007-08-01,0.8329999999999949,-0.8479999999999599,2.8050000000000352,1.8799999999999706,-23.000000000000043,-17.0,-2.7279999999999305
2007-09-01,-1.342999999999961,-1.1319999999999553,2.4240000000000705,2.7940000000000076,-30.99999999999996,60.0,-3.925999999999963
2007-10-01,-1.2020000000000142,-1.1490000000000222,1.8940000000000623,3.5470000000000113,-49.00000000000002,-9.999999999999998,-4.6960000000000335
2007-11-01,-0.5599999999999827,-0.327000000000055,1.4040000000001385,4.279999999999973,-75.99999999999997,-24.999999999999996,-4.607000000000028
2007-12-01,-5.271999999999988,-0.22099999999998232,1.343999999999923,4.025999999999996,-100.0,32.0,-4.246999999999979
2008-01-01,-6.414000000000009,-0.3750000000000142,1.497999999999955,4.20499999999997,-131.0,50.0,-4.579999999999984
2008-02-01,-9.65900000000004,-0.5860000000000198,1.2080000000000979,4.05899999999999,-227.99999999999997,118.0,-4.64500000000001
2008-03-01,-7.923999999999998,-1.1260000000000048,0.9169999999999234,3.897999999999957,-265.0,75.0,-5.023999999999962
2008-04-01,-12.792000000000003,-1.3659999999999783,0.39800000000003166,3.8289999999999935,-297.0,96.0,-5.194999999999972
2008-05-01,-12.61899999999998,-1.2379999999999391,5.141999999999847,4.008000000000056,-327.0,30.0,-5.245999999999995
2008-06-01,-11.777000000000015,-1.1159999999999393,2.646999999999977,4.818000000000033,-325.0,65.0,-5.933999999999973
2008-07-01,-19.799999999999997,-1.0440000000000005,1.008000000000031,5.351000000000017,-325.0,144.0,-6.395000000000017
2008-08-01,-14.75799999999996,-1.6820000000000057,0.4109999999998948,5.172000000000043,-301.99999999999994,38.0,-6.854000000000049
2008-09-01,-24.43500000000003,-1.8959999999999866,0.48999999999992383,4.8350000000000115,-313.00000000000006,-50.0,-6.730999999999998
2008-10-01,-41.342999999999996,-2.1620000000000417,1.3169999999998794,3.6630000000000607,-379.0,-36.0,-5.825000000000102
2008-11-01,-44.718999999999994,-2.722999999999942,2.258999999999922,1.0939999999999728,-410.00000000000006,-105.0,-3.816999999999915
2008-12-01,-43.82199999999998,-3.0059999999999754,1.379000000000019,-0.02199999999996649,-408.0,-55.99999999999999,-2.984000000000009
2009-01-01,-47.431,-2.4250000000000327,1.8320000000001002,-0.11399999999994748,-379.0,-3.0000000000000027,-2.311000000000085
2009-02-01,-51.927999999999976,-1.4809999999999768,0.8210000000000051,0.009000000000014552,-276.0,-89.99999999999999,-1.4899999999999913
2009-03-01,-43.754000000000026,-0.8090000000000153,0.7939999999999614,-0.446999999999953,-242.99999999999997,4.000000000000001,-0.36200000000006227
2009-04-01,-43.91400000000001,-0.2670000000000172,1.7949999999999022,-0.5770000000000053,-213.0,72.0,0.30999999999998806
2009-05-01,-36.254000000000005,0.2529999999999255,-1.556999999999853,-1.0210000000000719,-180.0,45.0,1.2739999999999974
2009-06-01,-34.551,0.7909999999999862,-0.8390000000000342,-1.2370000000000658,-179.0,-77.0,2.028000000000052
2009-07-01,-11.180000000000012,1.0889999999999844,0.24599999999992406,-1.9779999999999909,-185.0,-174.0,3.0669999999999753
2009-08-01,5.169999999999986,0.4529999999999923,0.6099999999999994,-1.4950000000000685,-184.0,-140.0,1.9480000000000608
2009-09-01,-30.56000000000001,1.5080000000000204,0.6700000000000372,-1.3880000000000337,-166.0,4.0000000000000036,2.896000000000054
2009-10-01,-2.804999999999991,3.666999999999998,-0.38799999999987733,-0.22400000000004638,-85.0,52.0,3.8910000000000444
2009-11-01,5.335000000000001,4.84,-0.9890000000000398,1.8970000000000375,-27.0,74.0,2.9429999999999623
2009-12-01,8.673999999999982,5.063999999999957,-0.0700000000000145,2.7759999999999785,-4.000000000000001,8.999999999999996,2.287999999999979
2010-01-01,10.838999999999999,4.171999999999976,-0.6140000000000256,2.5869999999999393,-3.9999999999999996,8.000000000000002,1.5850000000000364
2010-02-01,11.355000000000004,3.463999999999956,0.40800000000000836,2.1279999999999966,-9.0,28.000000000000004,1.3359999999999594
2010-03-01,19.02000000000004,2.95399999999999,0.7939999999999614,2.259999999999973,-1.9999999999999991,17.0,0.6940000000000168
2010-04-01,20.14,2.4059999999999526,1.0260000000000602,2.181999999999995,5.000000000000002,-55.00000000000001,0.22399999999995757
2010-05-01,16.76899999999999,1.8310000000000493,0.3209999999999269,1.983000000000068,2.0000000000000018,9.999999999999998,-0.1520000000000188
2010-06-01,13.412000000000024,1.2299999999999756,2.185000000000059,1.115000000000066,-3.0,46.0,0.11499999999990962
2010-07-01,2.988999999999997,0.86700000000004,2.709000000000117,1.3319999999999332,1.9999999999999991,69.0,-0.4649999999998933
2010-08-01,-21.056000000000008,2.2090000000000387,3.2010000000001426,1.1430000000000717,3.0,143.00000000000003,1.065999999999967
2010-09-01,22.479000000000006,2.0010000000000083,2.895000000000003,1.1130000000000528,4.000000000000001,86.0,0.8879999999999555
2010-10-01,16.233999999999995,0.3990000000000826,3.2230000000000203,1.1600000000000499,7.000000000000001,113.00000000000001,-0.7609999999999673
2010-11-01,10.959999999999992,-0.4310000000000258,3.067000000000064,1.0779999999999568,7.000000000000001,125.0,-1.5089999999999826
2010-12-01,11.298999999999992,-0.18099999999998673,3.2090000000000174,1.4269999999999783,6.0,131.99999999999997,-1.607999999999965
2011-01-01,16.213999999999995,0.4450000000000287,3.6310000000000286,1.686999999999994,6.000000000000001,110.00000000000001,-1.2419999999999654
2011-02-01,23.728999999999978,1.1580000000000368,3.866999999999976,2.102999999999966,3.0,52.0,-0.9449999999999292
2011-03-01,11.676999999999982,1.825999999999972,3.2080000000000553,2.585999999999977,-1.9999999999999991,37.0,-0.7600000000000051
2011-04-01,14.751000000000003,2.3260000000000502,2.178999999999931,3.031000000000006,-10.0,132.0,-0.7049999999999557
2011-05-01,1.3360000000000039,3.2440000000000246,1.3069999999999027,3.400999999999943,-11.000000000000002,49.99999999999999,-0.15699999999991832
2011-06-01,1.7069999999999919,3.7830000000000474,1.6809999999999548,3.4429999999999517,-9.0,23.0,0.3400000000000958
2011-07-01,5.835999999999997,3.832999999999931,1.9829999999998904,3.5169999999999924,-10.999999999999998,32.99999999999999,0.31599999999993855
2011-08-01,3.946000000000005,3.6109999999999864,1.6409999999998703,3.6859999999999893,-9.0,-41.0,-0.07500000000000284
2011-09-01,10.709999999999997,3.32599999999994,1.5119999999999578,3.74099999999995,-11.0,-92.0,-0.4150000000000098
2011-10-01,9.323000000000015,3.3059999999999867,1.5709999999998558,3.461999999999943,-12.0,-105.0,-0.15599999999995617
2011-11-01,10.497999999999985,3.2440000000000246,1.3989999999999725,3.393000000000068,-11.0,-32.0,-0.14900000000004354
2011-12-01,8.302999999999994,3.1830000000000247,1.7039999999999722,3.016000000000041,-10.999999999999998,-75.0,0.16699999999998383
2012-01-01,11.37100000000002,3.2070000000000043,1.7689999999999984,2.9640000000000555,-9.000000000000002,-39.0,0.2429999999999488
2012-02-01,13.156999999999996,2.9009999999999536,1.9610000000000127,2.8570000000000206,-6.0,-35.0,0.04399999999993298
2012-03-01,9.211999999999998,2.4490000000000123,2.50900000000005,2.550000000000008,-1.0000000000000009,-110.00000000000001,-0.10099999999999554
2012-04-01,9.999000000000002,2.120999999999995,3.059999999999974,2.2479999999999833,4.000000000000001,-194.00000000000003,-0.12699999999998823
2012-05-01,16.541000000000004,1.3479999999999492,3.1550000000001077,1.7230000000000523,7.000000000000001,-161.0,-0.37500000000010303
2012-06-01,19.808000000000003,0.9529999999999816,2.632000000000012,1.639999999999997,7.000000000000001,-89.99999999999999,-0.6870000000000154
2012-07-01,12.175000000000002,0.8880000000000443,1.5050000000000452,1.4080000000000759,9.0,-98.0,-0.5200000000000315
2012-08-01,13.788,1.01899999999997,1.2570000000000192,1.6719999999999402,3.0,-3.0,-0.6529999999999703
2012-09-01,12.490000000000023,0.9879999999999889,2.1010000000000417,1.9309999999999938,6.000000000000001,29.000000000000004,-0.943000000000005
2012-10-01,8.052999999999999,1.0089999999999932,2.7000000000001023,2.132999999999985,9.0,37.0,-1.1239999999999917
2012-11-01,12.098000000000031,1.3809999999999434,4.085000000000072,1.7809999999999881,8.0,-49.0,-0.40000000000004476
2012-12-01,11.673,1.4939999999999287,5.609000000000108,1.7439999999999678,9.0,-10.999999999999998,-0.2500000000000391
2013-01-01,9.596999999999989,1.4300000000000423,-0.9449999999999292,1.670000000000016,6.000000000000001,-44.0,-0.23999999999997357
2013-02-01,5.968000000000018,0.8880000000000443,-1.6690000000000538,1.998000000000033,4.999999999999999,-39.0,-1.1099999999999888
2013-03-01,7.930999999999999,0.9400000000000297,-1.6540000000000887,1.5069999999999695,1.0000000000000009,-18.000000000000004,-0.5669999999999398
2013-04-01,6.989000000000001,1.0239999999999583,-1.7159999999998732,1.1319999999999553,0.9999999999999981,-41.0,-0.10799999999999699
2013-05-01,9.457000000000004,0.9929999999999772,-1.2140000000000484,1.3809999999999434,-5.0,-18.999999999999993,-0.38799999999996615
2013-06-01,11.091000000000006,1.2290000000000134,-1.0859999999999204,1.700999999999997,-7.000000000000001,3.9999999999999925,-0.47199999999998354
2013-07-01,11.10199999999999,1.3049999999999784,-0.446999999999953,1.8679999999999808,-7.000000000000001,3.9999999999999925,-0.5630000000000024
2013-08-01,9.43299999999998,1.20900000000006,0.06099999999999994,1.5270000000000117,-5.0,-43.99999999999999,-0.31799999999995165
2013-09-01,4.937999999999976,1.391000000000009,-0.1960000000000406,1.0889999999999844,-6.000000000000001,-2.0000000000000018,0.30200000000002447
2013-10-01,5.627000000000004,1.159999999999961,-1.281999999999961,0.8729999999999905,-7.000000000000001,-18.0,0.2869999999999706
2013-11-01,3.786999999999985,0.7880000000000109,-2.4080000000001434,1.2249999999999872,-8.0,-34.0,-0.4369999999999763
2013-12-01,2.237,0.4970000000000141,-4.6789999999999665,1.5019999999999811,-7.000000000000001,-34.0,-1.004999999999967
2014-01-01,-1.4650000000000052,0.06299999999992423,1.804999999999879,1.546000000000003,-7.000000000000001,-57.99999999999999,-1.4830000000000787
2014-02-01,0.6489999999999885,0.34599999999995745,2.5729999999999364,1.1139999999999262,-7.999999999999999,8.999999999999996,-0.7679999999999687
2014-03-01,7.460999999999984,0.2650000000000041,2.822000000000102,1.6000000000000014,-6.000000000000001,-7.9999999999999964,-1.3349999999999973
2014-04-01,5.227000000000004,0.4170000000000229,2.8810000000000002,1.9950000000000578,-6.0,-8.999999999999996,-1.578000000000035
2014-05-01,7.43999999999998,0.5230000000000068,2.7309999999999945,2.1430000000000504,-2.0000000000000004,2.0000000000000018,-1.6200000000000436
2014-06-01,8.21799999999997,0.16699999999998383,3.075999999999901,2.0380000000000287,1.0000000000000009,-2.9999999999999916,-1.8710000000000448
2014-07-01,7.2410000000000085,0.1580000000000581,3.3799999999999386,1.9549999999999734,0.0,-16.999999999999993,-1.7969999999999153
2014-08-01,8.191000000000015,0.27200000000000557,3.607000000000049,1.700999999999997,0.9999999999999996,-6.000000000000005,-1.4289999999999914
2014-09-01,6.377000000000033,0.22999999999999687,3.4610000000000696,1.670000000000016,0.9999999999999996,-53.99999999999999,-1.440000000000019
2014-10-01,6.137999999999977,0.47399999999999665,4.343999999999859,1.596000000000064,0.0,-41.0,-1.1220000000000674
2014-11-01,5.147000000000013,0.5370000000000097,4.70000000000006,1.224000000000025,0.9999999999999996,-28.000000000000004,-0.6870000000000154
2014-12-01,8.037000000000027,0.5770000000000053,5.236999999999981,0.651000000000046,3.0,8.999999999999996,-0.0740000000000407
2015-01-01,7.726999999999995,0.3290000000000681,5.346000000000117,-0.22999999999999687,3.9999999999999996,12.0,0.559000000000065
2015-02-01,5.263000000000018,0.47399999999999665,5.188000000000059,-0.08699999999999264,3.9999999999999996,-3.9999999999999982,0.5609999999999893
2015-03-01,5.010000000000003,0.7019999999999804,4.375999999999891,-0.02199999999996649,3.0,23.0,0.7239999999999469
2015-04-01,5.780999999999992,0.7089999999999819,4.218000000000011,-0.1040000000000596,3.0,46.0,0.8130000000000415
2015-05-01,4.389000000000021,0.8080000000000531,4.068000000000005,0.03500000000000725,3.0,28.999999999999993,0.7730000000000459
2015-06-01,1.5989999999999949,0.9470000000000312,3.772999999999982,0.18000000000002458,3.0,-18.000000000000004,0.7670000000000066
2015-07-01,5.630000000000024,0.8219999999999672,3.8030000000000896,0.22500000000000853,4.000000000000001,41.0,0.5969999999999587
2015-08-01,6.518000000000024,0.6439999999999557,3.5790000000000433,0.24100000000002453,5.000000000000002,-5.000000000000004,0.4029999999999312
2015-09-01,7.604999999999995,0.6070000000000242,3.538999999999959,0.009000000000014552,5.000000000000002,41.99999999999999,0.5980000000000096
2015-10-01,8.745000000000003,0.37599999999997635,3.2400000000000873,0.12799999999995038,3.0,35.0,0.24800000000002598
2015-11-01,7.670999999999983,0.3449999999999953,2.6720000000000965,0.4349999999999632,3.0,32.99999999999999,-0.08999999999996788
2015-12-01,1.9149999999999778,0.2620000000000289,2.455999999999925,0.6369999999999543,12.0,-19.999999999999996,-0.3749999999999254
2016-01-01,6.668999999999992,0.4109999999999836,2.316999999999858,1.2299999999999756,23.000000000000004,-29.000000000000004,-0.818999999999992
2016-02-01,6.91799999999998,0.7200000000000095,2.0530000000000825,0.8440000000000225,27.0,-43.0,-0.12400000000001299
2016-03-01,-3.6929999999999907,0.5239999999999689,2.3200000000000998,0.8880000000000443,25.0,-27.0,-0.3640000000000754
2016-04-01,-0.010999999999983245,0.1280000000000392,1.8909999999999982,1.1660000000000004,25.0,7.9999999999999964,-1.0379999999999612
2016-05-01,-1.1499999999999844,-0.10300000000000864,1.644000000000112,1.0729999999999684,25.0,-15.999999999999993,-1.175999999999977
2016-06-01,-0.38599999999999746,-0.30000000000001137,1.6500000000000625,1.0729999999999684,25.0,58.00000000000001,-1.3729999999999798
2016-07-01,-0.46599999999998865,-0.10799999999999699,1.8129999999999313,0.8650000000000269,26.0,23.999999999999996,-0.9730000000000238
2016-08-01,-2.2490000000000343,-0.05100000000002325,1.713999999999949,1.0500000000000398,26.0,77.0,-1.101000000000063
2016-09-01,-1.462999999999992,-0.08699999999999264,1.6820000000000945,1.5369999999999884,26.0,11.000000000000004,-1.623999999999981
2016-10-01,-1.1969999999999814,0.20500000000005514,1.6899999999999693,1.672000000000029,28.000000000000004,19.0,-1.4669999999999739
2016-11-01,-2.563000000000004,0.18299999999999983,1.9829999999998904,1.670999999999978,28.999999999999996,33.0,-1.4879999999999782
2016-12-01,4.716999999999993,0.2810000000000201,1.7870000000000275,2.030000000000065,30.000000000000004,38.0,-1.749000000000045
2017-01-01,-1.83399999999998,0.990000000000002,1.7730000000000246,2.4789999999999424,31.0,97.00000000000001,-1.4889999999999404
2017-02-01,-1.8650000000000055,0.6160000000000387,1.9719999999999516,2.77099999999999,28.000000000000004,90.0,-2.1549999999999514
2017-03-01,-1.0159999999999947,0.4129999999999967,2.383000000000024,2.411999999999992,43.00000000000001,74.0,-1.9989999999999952
2017-04-01,-2.798999999999996,0.6330000000000169,2.8179999999998984,2.153000000000027,53.0,29.000000000000004,-1.5200000000000102
2017-05-01,-3.6760000000000126,0.4150000000000098,3.589999999999982,1.8390000000000128,54.0,56.99999999999999,-1.424000000000003
2017-06-01,-3.708,0.03399999999995629,3.5779999999999035,1.6280000000000072,66.0,38.0,-1.594000000000051
2017-07-01,-5.217000000000027,-0.7530000000000037,3.4710000000000463,1.7100000000000115,75.99999999999999,26.0,-2.463000000000015
2017-08-01,-5.428999999999995,-0.8439999999999337,3.4769999999999968,1.9089999999999385,75.99999999999999,30.000000000000004,-2.752999999999872
2017-09-01,1.7989999999999728,-1.1840000000000295,3.4369999999999123,2.1570000000000533,74.99999999999999,85.00000000000001,-3.341000000000083
2017-10-01,2.5399999999999867,-1.5749999999999709,3.5410000000000608,1.9999999999999574,74.99999999999999,85.00000000000001,-3.5749999999999282
2017-11-01,0.7950000000000124,-1.2500000000000178,3.4259999999999735,2.149000000000001,75.0,112.99999999999999,-3.3990000000000187
2017-12-01,-2.6089999999999947,-0.6090000000000373,3.326999999999991,2.106999999999992,76.0,90.99999999999999,-2.7160000000000295
2018-01-01,-3.2030000000000225,-0.25599999999998957,3.5059999999999647,2.1290000000000475,75.99999999999999,41.99999999999999,-2.385000000000037
2018-02-01,-1.9839999999999858,-0.6079999999999863,3.438000000000052,2.2390000000000576,75.99999999999999,-9.0,-2.847000000000044
2018-03-01,3.1909999999999883,-0.3909999999999414,3.384999999999927,2.303999999999995,72.0,36.0,-2.6949999999999363
2018-04-01,2.041999999999966,-1.485000000000003,3.373999999999988,2.44099999999996,78.99999999999999,51.0,-3.925999999999963
2018-05-01,3.9880000000000138,-1.363000000000003,3.013999999999939,2.7439999999999465,78.99999999999999,52.0,-4.10699999999995
2018-06-01,3.2220000000000137,-0.9069999999999467,3.3670000000000755,2.768000000000015,78.0,35.0,-3.6749999999999616
2018-07-01,1.7360000000000042,-0.5020000000000024,3.5149999999999793,2.814999999999923,76.0,36.0,-3.3169999999999256
2018-08-01,2.554999999999996,-0.41600000000006077,3.7459999999999383,2.6089999999999947,75.0,15.000000000000002,-3.0250000000000554
2018-09-01,-3.4860000000000113,-0.21499999999994301,3.5500000000000753,2.304999999999957,80.0,-9.000000000000007,-2.5199999999999
2018-10-01,-3.320999999999996,-0.012000000000078614,3.5009999999999764,2.462000000000053,104.0,-27.0,-2.4740000000001316
2018-11-01,0.011999999999989797,0.19300000000006534,3.6170000000000258,2.124000000000059,104.00000000000003,-35.99999999999999,-1.9309999999999938
2018-12-01,0.8450000000000291,0.3340000000000565,4.677000000000042,1.9829999999999792,97.0,-21.999999999999996,-1.6489999999999227
2019-01-01,-1.8629999999999924,0.003999999999937387,4.271000000000136,1.4759999999999884,99.0,-6.999999999999995,-1.472000000000051
2019-02-01,-3.122999999999987,0.2510000000000012,4.194999999999993,1.5069999999999695,98.0,9.0,-1.2559999999999683
2019-03-01,0.8220000000000116,0.6599999999999717,3.8759999999999906,1.8650000000000055,90.00000000000001,-22.0,-1.2050000000000338
2019-04-01,-4.333999999999971,1.1730000000000018,3.451000000000093,1.981000000000055,73.0,-50.0,-0.8080000000000531
2019-05-01,0.3229999999999844,0.925999999999938,3.1029999999999447,1.780000000000026,69.00000000000001,-100.0,-0.854000000000088
2019-06-01,0.041000000000002146,0.6349999999999412,2.8859999999999886,1.6579999999999373,55.999999999999986,-90.99999999999999,-1.0229999999999961
2019-07-01,-0.22199999999998887,0.42200000000001125,2.578999999999887,1.8090000000000828,49.0,-90.0,-1.3870000000000715
2019-08-01,1.756000000000002,0.24100000000002453,2.7550000000001518,1.7230000000000523,21.999999999999996,-83.0,-1.4820000000000277
2019-09-01,-0.6909999999999972,0.08599999999994168,2.9749999999999943,1.670999999999978,9.000000000000007,-32.99999999999999,-1.5850000000000364
2019-10-01,-5.525000000000002,0.09600000000000719,2.866000000000035,1.719000000000026,-35.999999999999986,-44.00000000000001,-1.6230000000000189
2019-11-01,-2.6269999999999794,-0.0580000000000247,2.9070000000000817,2.070999999999934,-65.00000000000001,-31.000000000000007,-2.1289999999999587
2019-12-01,-3.2700000000000173,0.023999999999979593,1.1369999999999436,2.2929999999999673,-72.0,-43.0,-2.2689999999999877
2020-01-01,-0.09699999999996933,0.057000000000062556,1.9539999999999225,2.566999999999986,-84.99999999999999,-46.0,-2.5099999999999234
2020-02-01,1.3100000000000112,0.3210000000000157,2.160999999999902,2.3139999999999716,-81.99999999999999,116.00000000000001,-1.992999999999956
2020-03-01,-41.54300000000002,-0.5279999999999951,0.8680000000000021,1.4829999999999899,-176.00000000000003,244.99999999999997,-2.010999999999985
2020-04-01,-64.83500000000002,-0.5760000000000431,14.817999999999998,0.31200000000000117,-237.0,335.0,-0.8880000000000443
2020-05-01,-35.131999999999984,-0.26799999999997937,9.67400000000005,0.1980000000000537,-234.00000000000003,318.0,-0.46600000000003305
2020-06-01,-26.93699999999999,-0.16899999999999693,9.132999999999925,0.714000000000059,-229.99999999999997,272.99999999999994,-0.883000000000056
2020-07-01,-14.426000000000005,0.6009999999999849,9.90000000000002,0.9919999999999263,-231.0,343.0,-0.3909999999999414
2020-08-01,-10.25100000000001,0.7220000000000226,5.452000000000012,1.2729999999999464,-202.99999999999997,178.0,-0.5509999999999238
2020-09-01,-5.301,1.0780000000000456,5.792999999999893,1.3810000000000322,-195.0,49.0,-0.3029999999999866
2020-10-01,-2.5619999999999976,1.5740000000000087,5.299999999999905,1.222999999999974,-174.0,3.0,0.3510000000000346
2020-11-01,-7.699000000000034,1.5920000000000378,3.8259999999999295,1.1690000000000644,-146.0,63.0,0.4229999999999734
2020-12-01,-3.3929999999999794,1.8650000000000055,4.452000000000034,1.3120000000000687,-146.0,168.0,0.5529999999999369
2021-01-01,-1.275000000000004,1.4179999999999637,13.837999999999973,1.346000000000025,-146.0,131.99999999999997,0.07199999999993878
2021-02-01,-6.110000000000015,1.1469999999999203,4.891000000000112,1.654,-150.0,69.0,-0.5070000000000796
2021-03-01,45.001000000000026,1.4599999999999724,26.759999999999984,2.5900000000000034,-58.00000000000001,-33.999999999999986,-1.130000000000031
2021-04-01,74.703,1.9680000000000142,-3.357000000000099,4.054000000000002,2.0000000000000004,-55.00000000000003,-2.085999999999988
2021-05-01,33.02299999999998,3.295000000000048,-1.1029999999999873,4.80899999999993,0.9999999999999996,54.999999999999986,-1.513999999999882
2021-06-01,16.732999999999976,5.119000000000007,-1.2519999999998532,5.180999999999969,0.0,57.00000000000003,-0.061999999999962085
2021-07-01,-0.38599999999999746,6.179000000000023,-1.4849999999999142,5.135000000000023,1.0000000000000009,2.0000000000000018,1.0440000000000005
2021-08-01,-15.156999999999998,7.3539999999999495,2.241999999999855,5.0510000000000055,-1.0000000000000009,189.0,2.302999999999944
2021-09-01,-27.937999999999974,8.380999999999972,0.5679999999999907,5.224999999999991,-0.9999999999999996,282.0,3.155999999999981
2021-10-01,-23.701000000000015,9.39899999999998,0.9600000000000719,6.0399999999999565,-0.9999999999999996,388.0,3.359000000000023
2021-11-01,-20.221,10.537999999999936,1.842000000000077,6.639999999999979,-0.9999999999999996,362.0,3.897999999999957
2021-12-01,-26.226000000000038,11.11399999999998,1.2909999999999755,6.913999999999998,-0.9999999999999996,276.00000000000006,4.1999999999999815
2022-01-01,-11.526000000000014,11.500000000000021,-11.570999999999998,7.305000000000028,-0.9999999999999996,239.0,4.194999999999993
2022-02-01,-13.207000000000013,11.674000000000007,-2.976000000000134,7.649000000000061,0.0,85.00000000000001,4.024999999999945
2022-03-01,-26.535000000000018,11.819999999999986,-24.08999999999999,8.195999999999959,13.0,56.999999999999986,3.624000000000027
2022-04-01,-24.492000000000004,12.413000000000007,-7.7249999999999375,7.913999999999977,26.0,78.00000000000003,4.499000000000031
2022-05-01,-28.324999999999978,11.890999999999963,-4.963000000000051,8.185999999999982,71.0,-31.000000000000007,3.7049999999999805
2022-06-01,-15.46599999999998,10.822999999999983,-4.7130000000001,8.617000000000008,112.99999999999999,-37.000000000000014,2.2059999999999746
2022-07-01,-9.654000000000007,9.931999999999963,-4.087999999999958,8.110000000000017,157.99999999999997,-113.99999999999999,1.8219999999999459
2022-08-01,1.7750000000000377,9.579000000000004,-3.3039999999999736,7.896000000000036,224.00000000000003,-184.0,1.6829999999999679
2022-09-01,10.267999999999988,8.990000000000009,-1.837999999999873,7.885999999999971,248.0,-240.00000000000003,1.1040000000000383
2022-10-01,13.80600000000003,8.056000000000019,-1.5489999999999782,7.47100000000005,300.0,-285.0,0.5849999999999689
2022-11-01,8.456000000000019,6.95199999999998,-1.1070000000000135,6.888999999999967,370.0,-312.0,0.06300000000001305
2022-12-01,5.410000000000004,5.720999999999954,-0.19700000000000273,6.213999999999942,401.99999999999994,-313.00000000000006,-0.4929999999999879
2023-01-01,4.770999999999992,5.604000000000031,4.2340000000001154,6.146999999999991,425.0,-268.0,-0.5429999999999602
2023-02-01,8.426,5.667000000000044,4.762000000000022,5.786999999999942,449.0,-307.0,-0.11999999999989797
2023-03-01,9.441999999999995,5.9180000000000454,5.850000000000044,4.813000000000045,445.0,-405.99999999999994,1.1050000000000004
2023-04-01,11.317999999999984,5.2979999999999805,6.07400000000009,4.82800000000001,450.0,-490.00000000000006,0.46999999999997044
2023-05-01,18.169999999999973,4.5560000000000045,6.5710000000001045,4.043000000000063,428.9999999999999,-438.0,0.5129999999999413
2023-06-01,18.549999999999976,3.977000000000075,6.93400000000004,3.012999999999977,387.0,-357.0,0.9640000000000981
2023-07-01,16.634999999999998,3.4550000000000303,5.849999999999866,3.2280000000000086,344.00000000000006,-280.0,0.22700000000002163
2023-08-01,12.747999999999982,2.8850000000000264,5.399000000000065,3.651999999999944,300.0,-261.00000000000006,-0.7669999999999177
2023-09-01,14.085999999999999,2.503999999999973,5.0939999999998875,3.6290000000000155,277.0,-170.00000000000003,-1.1250000000000426
2023-10-01,4.527999999999999,1.8539999999999779,5.116999999999905,3.1950000000000145,225.0,-152.0,-1.3410000000000366
2023-11-01,8.404999999999996,1.3380000000000614,5.4499999999999105,3.0910000000000437,155.00000000000003,-111.00000000000001,-1.7529999999999824
2023-12-01,16.945000000000032,0.9890000000000398,5.306999999999995,3.2680000000000042,123.00000000000004,-151.0,-2.2789999999999644
2024-01-01,-0.5290000000000017,0.7309999999999484,3.877999999999915,3.060999999999936,100.0,-143.00000000000003,-2.3299999999999876
2024-02-01,5.3220000000000045,0.4329999999999501,3.4580000000000055,3.1170000000000364,75.99999999999997,3.0,-2.6840000000000863
2024-03-01,3.9340000000000153,-0.06800000000000139,2.985999999999933,3.4110000000000085,67.99999999999997,81.0,-3.47900000000001
2024-04-01,0.6540000000000212,-0.34200000000002007,2.8939999999998633,3.2989999999999853,50.0,35.00000000000001,-3.6410000000000053
2024-05-01,3.083999999999998,-0.7620000000000182,2.9599999999998516,3.186999999999962,27.000000000000046,100.0,-3.9489999999999803
2024-06-01,-4.8639999999999795,-0.8880000000000443,3.0590000000000117,2.927000000000035,25.0,77.0,-3.8150000000000794
2024-07-01,0.11299999999998533,-1.0270000000000223,2.815999999999974,2.8959999999999653,20.999999999999996,89.99999999999999,-3.9229999999999876
2024-08-01,-0.5739999999999856,-1.2050000000000338,2.7269999999999683,2.5770000000000515,0.0,128.0,-3.7820000000000853
2024-09-01,0.8620000000000072,-1.2970000000000148,2.78299999999998,2.403000000000066,-20.000000000000018,76.0,-3.700000000000081
2024-10-01,5.2429999999999755,-1.2719999999999843,2.6690000000000325,2.53899999999998,-50.0,2.0000000000000018,-3.8109999999999644
2024-11-01,7.589999999999986,-0.6840000000000401,2.4060000000000414,2.677999999999958,-69.00000000000004,-45.00000000000001,-3.3619999999999983
2024-12-01,6.182999999999961,-0.4209999999999603,2.185000000000059,2.83199999999999,-84.99999999999997,-10.0,-3.2529999999999504
2025-01-01,2.6250000000000107,-0.33000000000003027,1.7730000000000246,2.955000000000041,-100.0,17.0,-3.285000000000071
2025-02-01,1.4419999999999877,-0.3109999999999502,1.7699999999999605,2.7759999999999785,-100.0,19.0,-3.0869999999999287
2025-03-01,12.740000000000018,-0.0440000000000218,2.3120000000000474,2.3769999999999847,-100.0,17.0,-2.4210000000000065
2025-04-01,7.1149999999999824,0.3060000000000507,2.7639999999999887,2.30699999999997,-100.0,71.0,-2.0009999999999195
2025-05-01,-1.645999999999992,0.43199999999998795,1.5000000000000568,2.3480000000000167,-100.0,86.0,-1.9160000000000288
2025-06-01,3.2259999999999955,0.24800000000002598,1.1820000000000164,2.6379999999999626,-100.0,43.00000000000001,-2.3899999999999366
2025-07-01,4.430000000000023,0.4089999999999705,1.489000000000118,2.695000000000025,-100.0,7.000000000000001,-2.2860000000000547
2025-08-01,6.556000000000006,0.6540000000000212,1.5359999999999374,2.8970000000000162,-100.0,-28.999999999999996,-2.242999999999995
2025-09-01,2.7470000000000105,0.7500000000000284,1.4970000000001704,2.9779999999999696,-91.00000000000001,-14.000000000000002,-2.227999999999941
2025-10-01,-3.954999999999975,0.8770000000000167,1.1630000000000251,2.751999999999999,-74.00000000000003,26.0,-1.9829999999999792
2025-11-01,-4.5399999999999885,0.619000000000014,1.0020000000000806,2.676000000000034,-75.99999999999997,11.000000000000002,-2.05700000000002
